region_and_metric,fertilizer_group,unit,scaling,2015,2016,2017,2018,2019,2020,2021,2022,2023,2024
Україна,Мінеральні добрива,Кілограм,Одиниці,,,,256200000.0,211900000.0,,,,,
Україна,Мінеральні добрива,Кілограм,Одиниці,,,,,2905850.0,3419200.0,2047200.0,3680700.0,1096200.0,419800.0
Україна,Мінеральні добрива,Кілограм,Одиниці,463200000.0,532400000.0,605200000.0,668200000.0,665500000.0,727800000.0,787900000.0,495100000.0,325500000.0,376000000.0
Україна,Мінеральні добрива,Кілограм,Одиниці,,,,,2905850.0,3419200.0,2047200.0,3680700.0,1096200.0,419800.0
Україна,Мінеральні добрива,Кілограм,Одиниці,,,,,3543740.0000000005,4169600.0000000005,2496400.0,4488500.0,1337000.0,511800.0
Україна,Мінеральні добрива,Кілограм,Одиниці,,,,,7947200.0,4912300.0,4263800.0,3432200.0,1488100.0,1099699.9999999998
Україна,Мінеральні добрива,Кілограм,Одиниці,,,,,649739850.0000001,721707400.0,746743700.0,415884200.0,271193800.0,315154100.00000006
Україна,Мінеральні добрива,Кілограм,Одиниці,,,,,7947200.0,4912300.0,4263800.0,3432200.0,1488100.0,1099699.9999999998
Україна,Мінеральні добрива,Кілограм,Одиниці,,,,,224160240.0,248988900.0,257626500.00000003,143480000.0,93561700.0,108728200.0
Україна,Мінеральні добрива,Кілограм,Одиниці,,,,,224160240.0,248988900.0,257626500.00000003,143480000.0,93561700.0,108728200.0
Україна,Мінеральні добрива,Кілограм,Одиниці,,,,,6926809.999999999,8239599.999999998,8269700.000000001,4883099.999999999,3110799.9999999995,5915099.999999999
Україна,Мінеральні добрива,Кілограм,Одиниці,,,,,24082410.0,14885199.999999998,12920300.0,10400400.0,4509299.999999999,3332200.0
Україна,Мінеральні добрива,Кілограм,Одиниці,,,,,6926809.999999999,8239599.999999998,8269700.000000001,4883099.999999999,3110799.9999999995,5915099.999999999
Україна,Мінеральні добрива,Кілограм,Одиниці,,,,,109185170.0,124223900.0,129892599.99999999,91576600.0,70230500.0,88453400.00000001
Україна,Мінеральні добрива,Кілограм,Одиниці,,,,,109185170.0,124223900.0,129892599.99999999,91576600.0,70230500.0,88453400.00000001
Україна,Мінеральні добрива,Кілограм,Одиниці,,,,,341203590.0,388200100.00000006,405914400.0,286177700.0,219470900.0,276417000.0
Україна,Мінеральні добрива,Кілограм,Одиниці,,,,,56997940.0,57675500.0,66702200.000000015,38283800.0,39379000.0,34472400.0
Україна,Мінеральні добрива,Кілограм,Одиниці,,,,,24969970.0,27306100.000000004,33450299.999999996,21538300.0,12078900.000000002,16107600.000000002
Україна,Мінеральні добрива,Кілограм,Одиниці,,,,,25654750.0,30518300.0,30627900.0,18085400.0,11521200.0,21907300.0
Україна,Мінеральні добрива,Кілограм,Одиниці,,,,,123908540.00000001,125381600.0,145005100.0,83225300.0,85606300.0,74939400.00000001
Україна,Мінеральні добрива,Кілограм,Одиниці,,,,,24969970.0,27306100.000000004,33450299.999999996,21538300.0,12078900.000000002,16107600.000000002
Україна,Мінеральні добрива,Кілограм,Одиниці,,,,,56997940.0,57675500.0,66702200.000000015,38283800.0,39379000.0,34472400.0
Україна,Мінеральні добрива,Кілограм,Одиниці,,,,,4469220.0,4982400.000000001,3827300.0,3276500.0,1615600.0,785100.0
Україна,Мінеральні добрива,Кілограм,Одиниці,,,,,22517910.0,25886800.0,26706399.999999996,27679500.0,37942300.0,15826700.0
Україна,Мінеральні добрива,Кілограм,Одиниці,,,,,4503599.999999999,5177300.0,5341300.0,5536100.0,7588400.0,3165000.0
Україна,Мінеральні добрива,Кілограм,Одиниці,,,,,4503599.999999999,5177300.0,5341300.0,5536100.0,7588400.0,3165000.0
Україна,Мінеральні добрива,Кілограм,Одиниці,,,,,118904620.0,130029200.0,159286699.99999997,102564300.0,57518400.0,76702400.0
Україна,Мінеральні добрива,Кілограм,Одиниці,,,,,4469220.0,4982400.000000001,3827300.0,3276500.0,1615600.0,785100.0
Україна,Мінеральні добрива,Кілограм,Одиниці,,,,,111240.00000000001,9799.999999999998,16100.000000000002,154700.00000000003,8800.0,1205700.0
Україна,Мінеральні добрива,Кілограм,Одиниці,,,,,3292150.0,1835200.0,2228200.0000000005,1954100.0,734500.0,1298200.0
Україна,Мінеральні добрива,Кілограм,Одиниці,,,,,14416800.000000002,16072000.0,12346600.0,10569800.000000002,5211900.0,2532400.0
Україна,Мінеральні добрива,Кілограм,Одиниці,,,,,7156870.0,3989700.0,4843800.0,4248000.0,1596600.0,2822100.0
Україна,Мінеральні добрива,Кілограм,Одиниці,,,,,3292150.0,1835200.0,2228200.0000000005,1954100.0,734500.0,1298200.0
Україна,Мінеральні добрива,Кілограм,Одиниці,,,,,111240.00000000001,9799.999999999998,16100.000000000002,154700.00000000003,8800.0,1205700.0
Україна,Мінеральні добрива,Кілограм,Одиниці,,,,,142230.0,254100.0,242299.99999999997,157600.0,81800.0,77500.0
Україна,Мінеральні добрива,Кілограм,Одиниці,,,,,1201790.0,1680800.0000000002,2248700.0,1164500.0,628400.0,697100.0
Україна,Мінеральні добрива,Кілограм,Одиниці,,,,,370800.0,32800.00000000001,53800.0,515599.9999999999,29100.0,4019200.0
Україна,Мінеральні добрива,Кілограм,Одиниці,,,,,6008990.0,8403900.0,11244100.0,5823400.000000001,3142500.0,3485100.0
Україна,Мінеральні добрива,Кілограм,Одиниці,,,,,142230.0,254100.0,242299.99999999997,157600.0,81800.0,77500.0
Україна,Мінеральні добрива,Кілограм,Одиниці,,,,,1201790.0,1680800.0000000002,2248700.0,1164500.0,628400.0,697100.0
Україна,Мінеральні добрива,Кілограм,Одиниці,,,,,3199250.0,588000.0,1682100.0,587900.0,1881800.0,331700.0
Україна,Мінеральні добрива,Кілограм,Одиниці,,,,,863800.0000000001,158700.00000000003,454200.0,158600.0,508000.0,89600.0
Україна,Мінеральні добрива,Кілограм,Одиниці,,,,,474070.0,846900.0,807600.0,525300.0,272400.0,258299.99999999994
Україна,Мінеральні добрива,Кілограм,Одиниці,,,,,66320.00000000001,374800.0,189400.0,56599.99999999999,149799.99999999997,213799.99999999997
Україна,Мінеральні добрива,Кілограм,Одиниці,,,,,66320.00000000001,374800.0,189400.0,56599.99999999999,149799.99999999997,213799.99999999997
Україна,Мінеральні добрива,Кілограм,Одиниці,,,,,863800.0000000001,158700.00000000003,454200.0,158600.0,508000.0,89600.0
Україна,Мінеральні добрива,Кілограм,Одиниці,,,,,2247100.0,1939500.0,2075000.0,1634000.0,1392300.0000000002,1903100.0
Україна,Мінеральні добрива,Кілограм,Одиниці,,,,,189459.99999999997,1070500.0,541000.0,161500.0,427900.0,610700.0
Україна,Мінеральні добрива,Кілограм,Одиниці,,,,,4321360.000000001,3729600.0,3990200.0000000005,3141799.9999999995,2677600.0,3659900.0
Україна,Мінеральні добрива,Кілограм,Одиниці,,,,,2790259.9999999995,3237000.0,3467299.9999999995,3781100.0,693699.9999999999,1158700.0
Україна,Мінеральні добрива,Кілограм,Одиниці,,,,,2247100.0,1939500.0,2075000.0,1634000.0,1392300.0000000002,1903100.0
Україна,Мінеральні добрива,Кілограм,Одиниці,,,,,2790259.9999999995,3237000.0,3467299.9999999995,3781100.0,693699.9999999999,1158700.0
Україна,Мінеральні добрива,Кілограм,Одиниці,,,,,5489450.0,4457800.0,4233700.0,2824100.0,1018899.9999999999,1938500.0
Україна,Мінеральні добрива,Кілограм,Одиниці,,,,,3995000.0,3112500.0,7926700.000000001,4420099.999999999,3262300.0,3184100.0
Україна,Мінеральні добрива,Кілограм,Одиниці,,,,,4650430.0,5395100.0,5778700.0,6301900.0,1156199.9999999998,1931300.0
Україна,Мінеральні добрива,Кілограм,Одиниці,,,,,798980.0,622400.0,1585700.0,884000.0,652300.0,637000.0
Україна,Мінеральні добрива,Кілограм,Одиниці,,,,,798980.0,622400.0,1585700.0,884000.0,652300.0,637000.0
Україна,Мінеральні добрива,Кілограм,Одиниці,,,,,14272560.0,11590100.0,11007500.0,7342900.000000001,2649200.0,5039700.0
Україна,Мінеральні добрива,Кілограм,Одиниці,,,,,34034570.0,27638000.0,26248700.0,17509899.999999996,6317300.0,12017900.0
Україна,Мінеральні добрива,Кілограм,Одиниці,,,,,14658540.0,10702400.000000002,8083800.0,4824500.0,2545900.0,2368399.9999999995
Україна,Мінеральні добрива,Кілограм,Одиниці,,,,,14272560.0,11590100.0,11007500.0,7342900.000000001,2649200.0,5039700.0
Україна,Мінеральні добрива,Кілограм,Одиниці,,,,,13437010.0,9810800.000000002,7410100.0,4422300.0,2333899.9999999995,2171000.0
Україна,Мінеральні добрива,Кілограм,Одиниці,,,,,16490870.000000002,12040200.0,9094000.0,5427400.0,2864200.0,2664500.0
Україна,Мінеральні добрива,Кілограм,Одиниці,,,,,54894440.0,44576900.0,42335799.99999999,28242000.0,10189300.0,19383600.000000004
Україна,Мінеральні добрива,Кілограм,Одиниці,,,,,61077310.0,44593000.0,33681900.0,20101300.0,10608300.0,9868200.0
Україна,Мінеральні добрива,Кілограм,Одиниці,,,,,44586420.0,32553400.000000004,24587900.0,14674200.0,7744000.0,7203900.0
Україна,Мінеральні добрива,Кілограм,Одиниці,,,,,7505130.0,6795900.0,5692500.0,4574800.0,1705500.0,2253800.0
Україна,Мінеральні добрива,Кілограм,Одиниці,,,,,7922120.0,7173600.0,6009100.0,4828900.0,1800600.0,2378899.9999999995
Україна,Мінеральні добрива,Кілограм,Одиниці,,,,,24183230.0,21897900.0,18343000.0,14740900.0,5496000.0,7261900.0
Україна,Мінеральні добрива,Кілограм,Одиниці,,,,,8755980.0,7928400.0,6641400.0,5337200.0,1989900.0,2629200.0
Україна,Мінеральні добрива,Кілограм,Одиниці,,,,,41695170.0,37754500.0,31625500.0,25414899.999999996,9476000.0,12520200.0
Україна,Мінеральні добрива,Кілограм,Одиниці,,,,,1169659.9999999998,732199.9999999999,928400.0,478500.0,343700.0,186200.00000000003
Україна,Мінеральні добрива,Кілограм,Одиниці,,,,,4922900.000000001,4807800.0,7265900.000000001,4735599.999999999,1963000.0,1780400.0
Україна,Мінеральні добрива,Кілограм,Одиниці,,,,,1427629.9999999998,1394500.0,2107200.0000000005,1373200.0,569300.0000000001,516100.0
Україна,Мінеральні добрива,Кілограм,Одиниці,,,,,1723030.0,1682800.0000000002,2543200.0000000005,1657600.0,687200.0,623199.9999999999
Україна,Мінеральні добрива,Кілограм,Одиниці,,,,,4381410.0,4279700.0,6467100.0,4215099.999999999,1747500.0,1584600.0
Україна,Мінеральні добрива,Кілограм,Одиниці,,,,,1230750.0,1202399.9999999998,1816700.0,1184300.0,491000.0,445299.99999999994
Україна,Мінеральні добрива,Кілограм,Одиниці,,,,,18938940.0,22947100.0,31460100.000000004,22247200.0,14543699.999999998,14202300.0
Україна,Мінеральні добрива,Кілограм,Одиниці,,,,,1364600.0000000002,854300.0,1083000.0,558100.0,401000.0,217299.99999999997
Україна,Мінеральні добрива,Кілограм,Одиниці,,,,,4093820.0,2562700.0,3249100.0,1674600.0000000002,1203100.0000000002,651500.0
Україна,Мінеральні добрива,Кілограм,Одиниці,,,,,1559560.0,976199.9999999999,1237700.0,638000.0,458400.0,248000.0
Україна,Мінеральні добрива,Кілограм,Одиниці,,,,,4873580.0,3050900.0,3868000.0,1993600.0000000002,1432300.0,775500.0
Україна,Мінеральні добрива,Кілограм,Одиниці,,,,,18938940.0,22947100.0,31460100.000000004,22247200.0,14543699.999999998,14202300.0
Україна,Мінеральні добрива,Кілограм,Одиниці,,,,,20148340.0,33023400.0,28766200.0,12020500.0,6982300.0,14231300.0
Україна,Мінеральні добрива,Кілограм,Одиниці,,,,,94694770.0,114737500.0,157301000.0,111237000.0,72719300.0,71010800.0
Україна,Мінеральні добрива,Кілограм,Одиниці,,,,,56816820.0,68841300.0,94380300.0,66741600.00000001,43631100.00000001,42606900.0
Україна,Мінеральні добрива,Кілограм,Одиниці,,,,,18938940.0,22947100.0,31460100.000000004,22247200.0,14543699.999999998,14202300.0
Україна,Мінеральні добрива,Кілограм,Одиниці,,,,,3777800.0,6191700.0,5393600.0,2253700.0,1309199.9999999998,2668200.0000000005
Україна,Мінеральні добрива,Кілограм,Одиниці,,,,,16370539.999999998,26831700.0,23372600.0,9766800.0,5673099.999999999,11563100.0
Україна,Мінеральні добрива,Кілограм,Одиниці,,,,,540819.9999999999,4453000.0,10798400.000000002,6352500.0,3356900.0,5053099.999999999
Україна,Мінеральні добрива,Кілограм,Одиниці,,,,,747930.0,6158500.0,14933900.0,8785500.0,4642599.999999999,6988300.0
Україна,Мінеральні добрива,Кілограм,Одиниці,,,,,6036580.0,10371500.0,14653700.0,6744600.0,3080700.0000000005,4536500.0
Україна,Мінеральні добрива,Кілограм,Одиниці,,,,,207109.99999999997,1705500.0,4135500.0,2433000.0,1285700.0,1935200.0
Україна,Мінеральні добрива,Кілограм,Одиниці,,,,,31481809.999999996,51599400.0,44947100.0,18782600.0,10909700.0,22236800.0
Україна,Мінеральні добрива,Кілограм,Одиниці,,,,,1150670.0,9474000.0,22975400.0,13515700.0,7141900.0,10751000.0
Україна,Мінеральні добрива,Кілограм,Одиниці,,,,,12073160.0,20743000.0,29307400.0,13489200.0,6161400.000000001,9073000.0
Україна,Мінеральні добрива,Кілограм,Одиниці,,,,,30182940.0,51857700.00000001,73268600.0,33723600.0,15404300.0,22683399.999999996
Україна,Мінеральні добрива,Кілограм,Одиниці,,,,,1364260.0,1251400.0,2082199.9999999998,2155200.0,412400.0,470700.0
Україна,Мінеральні добрива,Кілограм,Одиниці,,,,,385530.0,353700.0,588400.0000000001,609100.0,116600.0,132899.99999999997
Україна,Мінеральні добрива,Кілограм,Одиниці,,,,,6036580.0,10371500.0,14653700.0,6744600.0,3080700.0000000005,4536500.0
Україна,Мінеральні добрива,Кілограм,Одиниці,,,,,1749790.0,1605100.0,2670600.0,2764300.0,529000.0,603600.0
Україна,Мінеральні добрива,Кілограм,Одиниці,,,,,98330.0,274100.0,313099.99999999994,169900.0,183600.00000000003,112699.99999999999
Україна,Мінеральні добрива,Кілограм,Одиниці,,,,,2965770.0,2720299.9999999995,4526500.0,4685000.0,896300.0,1023500.0000000001
Україна,Мінеральні добрива,Кілограм,Одиниці,,,,,43700.0,121800.00000000001,139200.0,75500.0,81500.0,50000.0
Україна,Мінеральні добрива,Кілограм,Одиниці,,,,,364210.0,1015300.0000000001,1159600.0,629700.0,679699.9999999999,417700.0
Україна,Мінеральні добрива,Кілограм,Одиниці,,,,,142030.0,395900.0,452299.99999999994,245400.0,265100.0,162700.00000000003
Україна,Мінеральні добрива,Кілограм,Одиниці,,,,,2002970.0,3162000.0,4501100.0,2600299.9999999995,1346400.0,1575300.0
Україна,Мінеральні добрива,Кілограм,Одиниці,,,,,4005940.0,6324000.0,9002200.0,5200599.999999999,2692800.0,3150600.0
Україна,Мінеральні добрива,Кілограм,Одиниці,,,,,2002970.0,3162000.0,4501100.0,2600299.9999999995,1346400.0,1575300.0
Україна,Мінеральні добрива,Кілограм,Одиниці,,,,,4953380.0,6755800.0,5561000.0,7416599.999999999,3126600.0,4039799.9999999995
Україна,Мінеральні добрива,Кілограм,Одиниці,,,,,10014810.000000002,15810000.0,22507200.0,13002000.0,6731200.000000001,7877500.0
Україна,Мінеральні добрива,Кілограм,Одиниці,,,,,2476690.0,3377900.0,2780500.0,3708299.9999999995,1563300.0,2019899.9999999998
Україна,Мінеральні добрива,Кілограм,Одиниці,,,,,2476690.0,3377900.0,2780500.0,3708299.9999999995,1563300.0,2019899.9999999998
Україна,Органічні добрива,Кілограм,Одиниці,,,,157100000.0,116600000.0,100100000.0,208600000.0,177600000.0,124400000.0,112100000.0
Україна,Органічні добрива,Кілограм,Одиниці,,,,15900000.0,2700000.0,18400000.0,21600000.0,2700000.0,1400000.0,2000000.0
Україна,Органічні добрива,Кілограм,Одиниці,,,,1319900000.0,1581700000.0,1345200000.0,1150800000.0,1441200000.0,889800000.0,1250500000.0
Україна,Органічні добрива,Кілограм,Одиниці,,,,5100000.0,800000.0,4600000.0,21100000.0,4700000.0,2900000.0,3200000.0
Україна,Мінеральні добрива,Кілограм,Одиниці,,,,,12383360.0,16890000.0,13901800.0,18541300.0,7815500.0,10100000.0
Україна,Органічні добрива,Кілограм,Одиниці,,,,153700000.0,149800000.0,183500000.0,196800000.0,136200000.0,131500000.0,139800000.0
Україна,Органічні добрива,Кілограм,Одиниці,1864400000.0,1556700000.0,1328000000.0,1651700000.0,1851500000.0,1651800000.0,1598900000.0,1762400000.0,1150000000.0,1507600000.0
Вінницька,Органічні добрива,Кілограм,Одиниці,,,,,,47600000.0,47700000.0,24000000.0,34100000.0,16700000.0
Вінницька,Мінеральні добрива,Кілограм,Одиниці,38300000.0,45100000.0,44400000.0,40400000.0,40400000.0,46900000.0,36300000.0,49800000.0,39100000.0,39200000.0
Вінницька,Мінеральні добрива,Кілограм,Одиниці,,,,13900000.0,12300000.0,,,,,
Волинська,Мінеральні добрива,Кілограм,Одиниці,,,,9500000.0,5900000.0,,,,,
Вінницька,Органічні добрива,Кілограм,Одиниці,,,,,,7400000.0,3300000.0,17500000.0,,900000.0
Вінницька,Органічні добрива,Кілограм,Одиниці,,,,,,600000.0,,,,
Вінницька,Органічні добрива,Кілограм,Одиниці,,,,,,8100000.0,12400000.0,21900000.0,6000000.0,8800000.0
Вінницька,Органічні добрива,Кілограм,Одиниці,37700000.0,24700000.0,26700000.0,131400000.0,68500000.0,65099999.99999999,63500000.0,66900000.0,42800000.0,29200000.0
Вінницька,Органічні добрива,Кілограм,Одиниці,,,,,,1400000.0,100000.0,3500000.0,2700000.0,2800000.0
Волинська,Мінеральні добрива,Кілограм,Одиниці,9800000.0,14400000.0,14700000.0,21600000.0,16700000.0,20400000.0,25400000.0,21400000.0,13200000.0,10400000.0
Волинська,Органічні добрива,Кілограм,Одиниці,,,,,,0.0,,,,
Волинська,Органічні добрива,Кілограм,Одиниці,,,,,,14700000.0,7800000.0,7000000.0,13600000.0,23300000.0
Волинська,Органічні добрива,Кілограм,Одиниці,,,,,,3100000.0,,1100000.0,,
Волинська,Органічні добрива,Кілограм,Одиниці,,,,,,19500000.0,33100000.0,17700000.0,9500000.0,18500000.0
Дніпропетровська,Мінеральні добрива,Кілограм,Одиниці,,,,18400000.0,16200000.0,,,,,
Дніпропетровська,Мінеральні добрива,Кілограм,Одиниці,30200000.0,30500000.0,40000000.0,46700000.0,47600000.0,56300000.0,64300000.0,51100000.0,24100000.0,31800000.0
Волинська,Органічні добрива,Кілограм,Одиниці,,,,,,4300000.0,12800000.0,4900000.0,6000000.0,1500000.0
Волинська,Органічні добрива,Кілограм,Одиниці,39800000.0,40700000.0,15300000.0,51300000.0,71700000.0,41600000.0,53700000.0,30700000.0,29100000.0,43300000.0
Дніпропетровська,Органічні добрива,Кілограм,Одиниці,,,,,,5000000.0,2300000.0,11700000.0,68900000.0,17200000.0
Дніпропетровська,Органічні добрива,Кілограм,Одиниці,,,,,,0.0,100000.0,100000.0,,
Дніпропетровська,Органічні добрива,Кілограм,Одиниці,156300000.0,113200000.0,121200000.0,107600000.0,110200000.0,81500000.0,114100000.0,85100000.0,126000000.0,83700000.0
Дніпропетровська,Органічні добрива,Кілограм,Одиниці,,,,,,100000.0,0.0,0.0,,100000.0
Дніпропетровська,Органічні добрива,Кілограм,Одиниці,,,,,,32500000.0,43000000.0,47200000.0,31700000.0,16700000.0
Донецька,Мінеральні добрива,Кілограм,Одиниці,,,,13200000.0,15300000.0,,,,,
Дніпропетровська,Органічні добрива,Кілограм,Одиниці,,,,,,43900000.0,68700000.0,26100000.0,25400000.0,49700000.0
Донецька,Мінеральні добрива,Кілограм,Одиниці,14200000.0,21500000.0,23900000.0,34200000.0,51000000.0,42500000.0,57200000.0,9100000.0,3200000.0,4300000.0
Донецька,Органічні добрива,Кілограм,Одиниці,,,,,,2700000.0,4100000.0,100000.0,,
Донецька,Органічні добрива,Кілограм,Одиниці,,,,,,,,,,
Донецька,Органічні добрива,Кілограм,Одиниці,,,,,,0.0,0.0,,,
Донецька,Органічні добрива,Кілограм,Одиниці,,,,,,306000000.0,261800000.0,549700000.0,,
Житомирська,Мінеральні добрива,Кілограм,Одиниці,,,,5200000.0,4700000.0,,,,,
Донецька,Органічні добрива,Кілограм,Одиниці,,,,,,2100000.0,300000.0,,,
Донецька,Органічні добрива,Кілограм,Одиниці,142500000.0,50800000.0,57400000.0,13800000.0,405700000.0,310800000.0,266200000.0,549800000.0,,
Житомирська,Мінеральні добрива,Кілограм,Одиниці,9900000.0,11000000.0,13000000.0,14100000.0,14600000.0,17600000.0,18000000.0,15400000.0,7300000.0,7500000.0
Житомирська,Органічні добрива,Кілограм,Одиниці,23100000.0,56800000.0,27000000.0,35100000.0,39800000.0,45600000.0,26200000.0,35400000.0,29400000.0,29400000.0
Житомирська,Органічні добрива,Кілограм,Одиниці,,,,,,,,,,
Житомирська,Органічні добрива,Кілограм,Одиниці,,,,,,6300000.0,6900000.0,2000000.0,1400000.0,2500000.0
Житомирська,Органічні добрива,Кілограм,Одиниці,,,,,,4700000.0,8100000.0,13200000.0,13300000.0,17000000.0
Закарпатська,Мінеральні добрива,Кілограм,Одиниці,,,,200000.0,100000.0,,,,,
Житомирська,Органічні добрива,Кілограм,Одиниці,,,,,,34600000.0,11200000.0,20200000.0,14700000.0,9900000.0
Житомирська,Органічні добрива,Кілограм,Одиниці,,,,,,,,,,
Закарпатська,Органічні добрива,Кілограм,Одиниці,,,,,,,,,,
Закарпатська,Органічні добрива,Кілограм,Одиниці,,,,,,,,,,
Закарпатська,Органічні добрива,Кілограм,Одиниці,,,,,,,,,,
Закарпатська,Мінеральні добрива,Кілограм,Одиниці,700000.0,800000.0,600000.0,600000.0,900000.0,800000.0,800000.0,700000.0,100000.0,200000.0
Закарпатська,Органічні добрива,Кілограм,Одиниці,,,,,,,,,,
Закарпатська,Органічні добрива,Кілограм,Одиниці,,,,,,,,,,
Закарпатська,Органічні добрива,Кілограм,Одиниці,2500000.0,200000.0,400000.0,100000.0,100000.0,,,,,
Запорізька,Мінеральні добрива,Кілограм,Одиниці,,,,20700000.0,16400000.0,,,,,
Запорізька,Мінеральні добрива,Кілограм,Одиниці,28900000.0,34900000.0,51100000.0,57800000.0,51800000.0,55500000.0,64800000.0,11100000.0,4200000.0,8000000.0
Запорізька,Органічні добрива,Кілограм,Одиниці,,,,,,,,,,
Запорізька,Органічні добрива,Кілограм,Одиниці,,,,,,20900000.0,11200000.0,0.0,100000.0,200000.0
Запорізька,Органічні добрива,Кілограм,Одиниці,66300000.0,72000000.0,38900000.0,25900000.0,34600000.0,38300000.0,95900000.0,5600000.0,5100000.0,10900000.0
Запорізька,Органічні добрива,Кілограм,Одиниці,,,,,,5500000.0,10600000.0,,0.0,
Запорізька,Органічні добрива,Кілограм,Одиниці,,,,,,11900000.0,9500000.0,5400000.0,4900000.0,
Івано-Франківська,Мінеральні добрива,Кілограм,Одиниці,,,,2900000.0,2500000.0,,,,,
Запорізька,Органічні добрива,Кілограм,Одиниці,,,,,,,64599999.99999999,200000.0,100000.0,
Івано-Франківська,Мінеральні добрива,Кілограм,Одиниці,5600000.0,5500000.0,5000000.0,7800000.0,6000000.0,7700000.0,4900000.0,5400000.0,3300000.0,4800000.0
Івано-Франківська,Органічні добрива,Кілограм,Одиниці,,,,,,0.0,0.0,100000.0,0.0,300000.0
Івано-Франківська,Органічні добрива,Кілограм,Одиниці,,,,,,88900000.0,106200000.0,128300000.00000001,134700000.0,94800000.0
Івано-Франківська,Органічні добрива,Кілограм,Одиниці,,,,,,,,,,
Івано-Франківська,Органічні добрива,Кілограм,Одиниці,178500000.0,93900000.0,78300000.0,205100000.0,167800000.0,88900000.0,106200000.0,128400000.0,134700000.0,95100000.0
Київська,Мінеральні добрива,Кілограм,Одиниці,,,,6800000.0,6500000.0,,,,,
Івано-Франківська,Органічні добрива,Кілограм,Одиниці,,,,,,,,,,
Івано-Франківська,Органічні добрива,Кілограм,Одиниці,,,,,,,,,,
Київська,Органічні добрива,Кілограм,Одиниці,,,,,,100000.0,,,,
Київська,Мінеральні добрива,Кілограм,Одиниці,16100000.000000002,20900000.0,22900000.0,19700000.0,20200000.0,19100000.0,25300000.0,19000000.0,16000000.0,13100000.0
Київська,Органічні добрива,Кілограм,Одиниці,,,,,,1900000.0,0.0,200000.0,0.0,0.0
Київська,Органічні добрива,Кілограм,Одиниці,,,,,,201400000.0,139000000.0,117500000.0,156500000.0,156500000.0
Київська,Органічні добрива,Кілограм,Одиниці,186100000.0,168000000.0,175500000.0,196100000.0,202400000.0,239400000.0,195700000.0,174800000.0,183800000.0,176300000.0
Київська,Органічні добрива,Кілограм,Одиниці,,,,,,200000.0,19200000.0,38400000.0,1100000.0,1800000.0
Київська,Органічні добрива,Кілограм,Одиниці,,,,,,35800000.0,37500000.0,18700000.0,26200000.0,18000000.0
Кіровоградська,Органічні добрива,Кілограм,Одиниці,,,,,,41200000.0,42600000.0,7900000.0,7600000.0,12400000.0
Кіровоградська,Мінеральні добрива,Кілограм,Одиниці,,,,13600000.0,9300000.0,,,,,
Кіровоградська,Мінеральні добрива,Кілограм,Одиниці,21800000.0,21200000.0,23300000.0,30900000.0,29700000.0,42500000.0,45700000.0,29900000.0,22400000.0,21600000.0
Кіровоградська,Органічні добрива,Кілограм,Одиниці,,,,,,,,,,
Кіровоградська,Органічні добрива,Кілограм,Одиниці,,,,,,,,0.0,,
Кіровоградська,Органічні добрива,Кілограм,Одиниці,,,,,,,,,600000.0,0.0
Луганська,Мінеральні добрива,Кілограм,Одиниці,,,,10100000.0,10700000.0,,,,,
Кіровоградська,Органічні добрива,Кілограм,Одиниці,,,,,,,700000.0,100000.0,300000.0,
Кіровоградська,Органічні добрива,Кілограм,Одиниці,9900000.0,5000000.0,16800000.0,18800000.0,20900000.0,41200000.0,43300000.0,8000000.0,8500000.0,12400000.0
Луганська,Органічні добрива,Кілограм,Одиниці,,,,,,,,,,
Луганська,Мінеральні добрива,Кілограм,Одиниці,13000000.0,16300000.0,20300000.0,30300000.0,32900000.0,32299999.999999996,36400000.0,500000.0,,
Луганська,Органічні добрива,Кілограм,Одиниці,,,,,,2900000.0,900000.0,,,
Луганська,Органічні добрива,Кілограм,Одиниці,,,,,,28800000.0,21100000.0,,,
Луганська,Органічні добрива,Кілограм,Одиниці,68400000.0,51000000.0,22500000.0,40600000.0,28400000.0,32800000.0,23100000.0,,,
Луганська,Органічні добрива,Кілограм,Одиниці,,,,,,1100000.0,1100000.0,,,
Луганська,Органічні добрива,Кілограм,Одиниці,,,,,,,,,,
Львівська,Мінеральні добрива,Кілограм,Одиниці,17000000.0,17100000.0,14600000.0,21100000.0,12700000.0,18900000.0,16500000.0,17400000.0,12500000.0,12100000.0
Львівська,Органічні добрива,Кілограм,Одиниці,,,,,,,,,,
Львівська,Мінеральні добрива,Кілограм,Одиниці,,,,9100000.0,4600000.0,,,,,
Львівська,Органічні добрива,Кілограм,Одиниці,,,,,,18700000.0,6000000.0,1400000.0,12100000.0,23400000.0
Миколаївська,Мінеральні добрива,Кілограм,Одиниці,,,,17100000.0,14000000.0,,,,,
Львівська,Органічні добрива,Кілограм,Одиниці,11500000.0,17800000.0,12100000.0,67400000.0,7400000.0,21800000.0,13400000.0,6800000.0,16100000.000000002,26300000.0
Львівська,Органічні добрива,Кілограм,Одиниці,,,,,,1500000.0,5200000.0,2400000.0,200000.0,600000.0
Львівська,Органічні добрива,Кілограм,Одиниці,,,,,,,,,,
Львівська,Органічні добрива,Кілограм,Одиниці,,,,,,1600000.0,2200000.0,3000000.0,3800000.0,2300000.0
Миколаївська,Органічні добрива,Кілограм,Одиниці,,,,,,100000.0,5100000.0,,,
Миколаївська,Органічні добрива,Кілограм,Одиниці,,,,,,,,,,400000.0
Миколаївська,Мінеральні добрива,Кілограм,Одиниці,21000000.0,22800000.0,33000000.0,38600000.0,38600000.0,46100000.0,67400000.0,34400000.0,18900000.0,26400000.0
Миколаївська,Органічні добрива,Кілограм,Одиниці,,,,,,7300000.0,10600000.0,0.0,400000.0,2500000.0
Миколаївська,Органічні добрива,Кілограм,Одиниці,,,,,,2700000.0,5400000.0,35900000.0,14600000.0,12700000.0
Миколаївська,Органічні добрива,Кілограм,Одиниці,,,,,,0.0,,,,
Одеська,Мінеральні добрива,Кілограм,Одиниці,,,,28300000.0,20600000.0,,,,,
Одеська,Органічні добрива,Кілограм,Одиниці,,,,,,7400000.0,33200000.0,12400000.0,14300000.0,15400000.0
Миколаївська,Органічні добрива,Кілограм,Одиниці,10700000.0,33300000.0,13600000.0,40600000.0,21100000.0,10100000.0,21100000.0,35900000.0,15000000.0,15600000.0
Одеська,Мінеральні добрива,Кілограм,Одиниці,33900000.0,44500000.0,58100000.0,66300000.0,59600000.0,54500000.0,53200000.0,39900000.0,24400000.0,39500000.0
Одеська,Органічні добрива,Кілограм,Одиниці,,,,,,,20900000.0,,,
Одеська,Органічні добрива,Кілограм,Одиниці,,,,,,700000.0,5700000.0,1900000.0,100000.0,8300000.0
Одеська,Органічні добрива,Кілограм,Одиниці,,,,,,,0.0,,,
Полтавська,Мінеральні добрива,Кілограм,Одиниці,,,,8800000.0,5300000.0,,,,,
Одеська,Органічні добрива,Кілограм,Одиниці,12400000.0,25600000.0,20900000.0,29300000.0,16800000.0,8100000.0,60100000.0,14300000.0,14400000.0,23700000.0
Одеська,Органічні добрива,Кілограм,Одиниці,,,,,,0.0,300000.0,,,
Полтавська,Органічні добрива,Кілограм,Одиниці,,,,,,100000.0,700000.0,,,
Полтавська,Органічні добрива,Кілограм,Одиниці,,,,,,173400000.0,114400000.0,131800000.0,85800000.0,161100000.0
Полтавська,Мінеральні добрива,Кілограм,Одиниці,21100000.0,22000000.0,22300000.0,20600000.0,18300000.0,21000000.0,24400000.0,19400000.0,11700000.0,14900000.0
Полтавська,Органічні добрива,Кілограм,Одиниці,,,,,,6500000.0,8300000.0,8000000.0,4500000.0,4700000.0
Полтавська,Органічні добрива,Кілограм,Одиниці,,,,,,,,,,
Рівненська,Мінеральні добрива,Кілограм,Одиниці,7700000.0,8900000.0,9000000.0,9900000.0,12100000.0,13300000.0,11000000.0,7200000.0,5800000.0,5300000.0
Полтавська,Органічні добрива,Кілограм,Одиниці,,,,,,,2300000.0,700000.0,5000000.0,4900000.0
Рівненська,Мінеральні добрива,Кілограм,Одиниці,,,,4200000.0,3200000.0,,,,,
Полтавська,Органічні добрива,Кілограм,Одиниці,268600000.0,194900000.0,235200000.0,194700000.0,139100000.0,180000000.0,125700000.0,140500000.0,95300000.0,170700000.0
Рівненська,Органічні добрива,Кілограм,Одиниці,,,,,,18800000.0,8400000.0,5600000.0,500000.0,7800000.0
Сумська,Мінеральні добрива,Кілограм,Одиниці,,,,8400000.0,7600000.0,,,,,
Рівненська,Органічні добрива,Кілограм,Одиниці,,,,,,9700000.0,18800000.0,4700000.0,1900000.0,1200000.0
Рівненська,Органічні добрива,Кілограм,Одиниці,,,,,,,0.0,0.0,,
Рівненська,Органічні добрива,Кілограм,Одиниці,,,,,,26800000.0,16000000.0,17500000.0,13900000.0,22100000.0
Рівненська,Органічні добрива,Кілограм,Одиниці,16900000.0,54700000.0,28900000.0,24100000.0,28600000.0,55300000.0,43200000.0,27800000.0,16300000.0,31100000.0
Рівненська,Органічні добрива,Кілограм,Одиниці,,,,,,,,,,
Сумська,Мінеральні добрива,Кілограм,Одиниці,27600000.0,28100000.0,24800000.0,22600000.0,23800000.0,24700000.0,23500000.0,26200000.0,19100000.0,17400000.0
Сумська,Органічні добрива,Кілограм,Одиниці,,,,,,75900000.0,52900000.0,44100000.0,19900000.0,28600000.0
Сумська,Органічні добрива,Кілограм,Одиниці,,,,,,,,,,
Сумська,Органічні добрива,Кілограм,Одиниці,,,,,,2100000.0,5500000.0,17300000.0,3800000.0,6600000.0
Сумська,Органічні добрива,Кілограм,Одиниці,,,,,,8900000.0,4600000.0,2500000.0,1400000.0,1900000.0
Тернопільська,Мінеральні добрива,Кілограм,Одиниці,19800000.0,25800000.0,26500000.0,24800000.0,33000000.0,31500000.0,26900000.0,31900000.0,26700000.0,24400000.0
Сумська,Органічні добрива,Кілограм,Одиниці,,,,,,2200000.0,,500000.0,0.0,2500000.0
Тернопільська,Мінеральні добрива,Кілограм,Одиниці,,,,9000000.0,10400000.0,,,,,
Сумська,Органічні добрива,Кілограм,Одиниці,35900000.0,34900000.0,36300000.0,66700000.0,89200000.0,89100000.0,63000000.0,64400000.00000001,25100000.0,39600000.0
Тернопільська,Органічні добрива,Кілограм,Одиниці,,,,,,1700000.0,2400000.0,500000.0,11200000.0,13600000.0
Тернопільська,Органічні добрива,Кілограм,Одиниці,,,,,,0.0,0.0,,0.0,0.0
Тернопільська,Органічні добрива,Кілограм,Одиниці,71600000.0,35900000.0,22700000.0,17000000.0,24700000.0,13800000.0,31200000.0,109300000.0,110900000.0,66100000.0
Харківська,Мінеральні добрива,Кілограм,Одиниці,,,,19300000.0,14800000.0,,,,,
Тернопільська,Органічні добрива,Кілограм,Одиниці,,,,,,,,,,
Тернопільська,Органічні добрива,Кілограм,Одиниці,,,,,,,,,,
Тернопільська,Органічні добрива,Кілограм,Одиниці,,,,,,12100000.0,28800000.0,108800000.0,99700000.0,52500000.0
Харківська,Органічні добрива,Кілограм,Одиниці,,,,,,,,0.0,,
Харківська,Мінеральні добрива,Кілограм,Одиниці,45500000.0,45800000.0,54700000.0,54500000.0,51100000.0,57400000.0,65800000.0,24500000.0,11100000.0,25100000.0
Харківська,Органічні добрива,Кілограм,Одиниці,,,,,,61400000.0,50200000.0,45400000.0,55600000.0,43300000.0
Харківська,Органічні добрива,Кілограм,Одиниці,,,,,,7900000.0,8600000.0,1600000.0,1100000.0,6000000.0
Харківська,Органічні добрива,Кілограм,Одиниці,,,,,,2800000.0,3600000.0,,,
Херсонська,Мінеральні добрива,Кілограм,Одиниці,,,,7600000.0,7100000.0,,,,,
Харківська,Органічні добрива,Кілограм,Одиниці,255000000.0,189500000.0,132300000.0,112900000.0,99400000.0,73000000.0,62700000.0,47000000.0,56700000.0,49300000.0
Харківська,Органічні добрива,Кілограм,Одиниці,,,,,,900000.0,300000.0,,,
Херсонська,Органічні добрива,Кілограм,Одиниці,,,,,,,,,,
Херсонська,Органічні добрива,Кілограм,Одиниці,9900000.0,9400000.0,11900000.0,23500000.0,50200000.0,20800000.0,19900000.0,,,
Хмельницька,Мінеральні добрива,Кілограм,Одиниці,,,,12100000.0,7900000.0,,,,,
Херсонська,Органічні добрива,Кілограм,Одиниці,,,,,,,,,,
Херсонська,Органічні добрива,Кілограм,Одиниці,,,,,,2100000.0,1000000.0,,,
Херсонська,Мінеральні добрива,Кілограм,Одиниці,10500000.0,13500000.0,21300000.0,23400000.0,24700000.0,40600000.0,33700000.0,2600000.0,200000.0,2500000.0
Херсонська,Органічні добрива,Кілограм,Одиниці,,,,,,18600000.0,18900000.0,,,
Херсонська,Органічні добрива,Кілограм,Одиниці,,,,,,100000.0,0.0,,,
Хмельницька,Органічні добрива,Кілограм,Одиниці,,,,,,54300000.0,80200000.0,83100000.0,92900000.0,108500000.0
Хмельницька,Органічні добрива,Кілограм,Одиниці,,,,,,1300000.0,300000.0,1400000.0,,1000000.0
Хмельницька,Органічні добрива,Кілограм,Одиниці,,,,,,,,,,
Хмельницька,Мінеральні добрива,Кілограм,Одиниці,26900000.0,31000000.0,31100000.0,32100000.0,31600000.0,32299999.999999996,28600000.0,29400000.0,25000000.0,28000000.0
Хмельницька,Органічні добрива,Кілограм,Одиниці,75300000.0,127300000.0,87700000.0,120800000.0,100300000.0,67300000.0,90400000.0,94400000.0,111400000.0,114600000.0
Черкаська,Мінеральні добрива,Кілограм,Одиниці,,,,6900000.0,6000000.0,,,,,
Хмельницька,Органічні добрива,Кілограм,Одиниці,,,,,,11700000.0,9900000.0,9900000.0,18500000.0,5100000.0
Хмельницька,Органічні добрива,Кілограм,Одиниці,,,,,,,,,,
Черкаська,Органічні добрива,Кілограм,Одиниці,,,,,,,,,200000.0,
Черкаська,Органічні добрива,Кілограм,Одиниці,,,,,,,7300000.0,26800000.0,12800000.0,5800000.0
Черкаська,Мінеральні добрива,Кілограм,Одиниці,22300000.0,23000000.0,20600000.0,21600000.0,19900000.0,18100000.0,23500000.0,28000000.0,15400000.0,14500000.0
Черкаська,Органічні добрива,Кілограм,Одиниці,,,,,,0.0,0.0,,,0.0
Черкаська,Органічні добрива,Кілограм,Одиниці,,,,,,50500000.0,24400000.0,30000000.0,51800000.0,37100000.0
Черкаська,Органічні добрива,Кілограм,Одиниці,,,,,,10900000.0,17300000.0,30800000.0,16300000.0,13600000.0
Черкаська,Органічні добрива,Кілограм,Одиниці,96000000.0,97400000.0,93500000.0,87200000.0,58100000.0,61400000.0,49000000.0,87600000.0,81100000.0,56500000.0
Чернівецька,Мінеральні добрива,Кілограм,Одиниці,3400000.0,3500000.0,3300000.0,2800000.0,3100000.0,3800000.0,3200000.0,2800000.0,2100000.0,3100000.0
Чернівецька,Органічні добрива,Кілограм,Одиниці,,,,,,,100000.0,300000.0,400000.0,
Чернівецька,Мінеральні добрива,Кілограм,Одиниці,,,,1100000.0,1200000.0,,,,,
Чернівецька,Органічні добрива,Кілограм,Одиниці,,,,,,,,,,
Чернівецька,Органічні добрива,Кілограм,Одиниці,,,,,,,100000.0,0.0,,
Чернівецька,Органічні добрива,Кілограм,Одиниці,,,,,,,300000.0,4000000.0,3400000.0,2100000.0
Чернігівська,Мінеральні добрива,Кілограм,Одиниці,,,,9900000.0,9400000.0,,,,,
Чернівецька,Органічні добрива,Кілограм,Одиниці,9500000.0,12600000.0,14600000.0,6600000.0,6900000.0,,700000.0,4300000.0,3800000.0,6800000.0
Чернівецька,Органічні добрива,Кілограм,Одиниці,,,,,,,200000.0,0.0,0.0,4700000.0
Чернігівська,Органічні добрива,Кілограм,Одиниці,,,,,,1500000.0,,,,800000.0
Чернігівська,Органічні добрива,Кілограм,Одиниці,,,,,,,,,,
Чернігівська,Мінеральні добрива,Кілограм,Одиниці,18000000.0,24300000.0,26700000.0,25800000.0,25200000.0,24000000.0,31100000.0,18000000.0,19700000.0,21900000.0
Чернігівська,Органічні добрива,Кілограм,Одиниці,,,,,,52900000.0,27600000.0,36100000.0,43000000.0,53900000.0
Чернігівська,Органічні добрива,Кілограм,Одиниці,,,,,,8600000.0,2800000.0,8200000.0,700000.0,100000.0
Чернігівська,Органічні добрива,Кілограм,Одиниці,,,,,,200000.0,200000.0,,,
Україна,Пестициди,Кілограм,Одиниці,,,,,14.5,124.0,19.69,1.03,79.97,87.39
Україна,Пестициди,Кілограм,Одиниці,,,,,13352.9,12317.8,16207.54,13706.02,8969.08,11229.79
Чернігівська,Органічні добрива,Кілограм,Одиниці,80000000.0,47100000.0,38300000.0,35100000.0,59600000.0,63200000.0,30600000.0,44300000.0,43700000.0,54800000.0
Україна,Пестициди,Кілограм,Одиниці,,,,,20208.15,14909.5,35380.08,21735.88,15505.25,19432.92
Україна,Пестициди,Кілограм,Одиниці,,,,,3118.91,1643.38,2508.5,1272.42,3832.52,3415.31
Україна,Пестициди,Кілограм,Одиниці,,,,,1658.02,1320.05,242.71,72.67,489.93,592.81
Україна,Пестициди,Кілограм,Одиниці,,,,,524.12,892.81,1454.06,671.03,470.48,462.7
Україна,Пестициди,Кілограм,Одиниці,,,,,744.35,,47.44,,14.45,175.31
Україна,Пестициди,Кілограм,Одиниці,,,,,14.85,,,,,15.35
Україна,Пестициди,Кілограм,Одиниці,,,,,1.23,,,0.79,1.84,
Україна,Пестициди,Кілограм,Одиниці,,,,,8093.01,8597.01,22600.19,10715.37,9375.38,6185.02
Україна,Пестициди,Кілограм,Одиниці,,,,,229.96,330.94,763.42,229.26,312.38,328.78
Україна,Пестициди,Кілограм,Одиниці,,,,,493.45,847.49,892.64,115.5,7.0,226.8
Україна,Пестициди,Кілограм,Одиниці,,,,,781.51,732.1,150.5,77.0,21.0,228.43
Україна,Пестициди,Кілограм,Одиниці,,,,,13200.97,7768.04,10059.71,4851.02,3335.98,3930.2
Україна,Пестициди,Кілограм,Одиниці,,,,,22611.73,19809.52,20346.49,6545.54,5959.18,2270.33
Україна,Пестициди,Кілограм,Одиниці,,,,,4168.34,3574.85,3502.46,1783.33,1873.15,2062.78
Україна,Пестициди,Кілограм,Одиниці,,,,,6300.14,10527.27,10700.98,10226.89,8455.65,12526.84
Україна,Пестициди,Кілограм,Одиниці,,,,,1.87,2.33,83.33,145.53,157.17,146.57
Україна,Пестициди,Кілограм,Одиниці,,,,,197791.49,183960.61,198951.59,124821.45,105561.33,102201.94
Україна,Пестициди,Кілограм,Одиниці,,,,,188934.9,197118.29,196591.76,111388.64,93320.21,79474.79
Україна,Пестициди,Кілограм,Одиниці,,,,,52872.26,48678.19,61918.46,31452.27,27560.0,31749.13
Україна,Пестициди,Кілограм,Одиниці,,,,,65.19,84.84,47.12,7.76,23.68,31.02
Україна,Пестициди,Кілограм,Одиниці,,,,,2888.81,2178.68,4294.33,2689.11,3104.95,1474.29
Україна,Пестициди,Кілограм,Одиниці,,,,,35.83,17.36,72.09,25.1,6.01,
Україна,Пестициди,Кілограм,Одиниці,,,,,129203.59,124241.05,127383.33,67183.46,61077.5,55045.6
Україна,Пестициди,Кілограм,Одиниці,,,,,103.45,180.51,63.88,11.94,50.64,103.01
Україна,Пестициди,Кілограм,Одиниці,,,,,140562.08,132588.54,138738.97,74434.25,61923.46,44726.48
Україна,Пестициди,Кілограм,Одиниці,,,,,,29.52,29.07,23.63,27.45,31.32
Україна,Пестициди,Кілограм,Одиниці,,,,,2895.7,2946.92,2298.54,1357.23,1059.58,827.95
Україна,Пестициди,Кілограм,Одиниці,,,,,617.25,470.16,684.37,752.04,1407.91,952.12
Україна,Пестициди,Кілограм,Одиниці,,,,,3796.25,3143.41,3743.99,5029.07,1880.33,1532.19
Україна,Пестициди,Кілограм,Одиниці,,,,,361259.12,319744.27,410689.89,282027.28,280879.77,287813.17
Україна,Пестициди,Кілограм,Одиниці,,,,,39221.41,32825.07,39548.65,29101.27,30276.85,31019.04
Україна,Пестициди,Кілограм,Одиниці,,,,,17100.09,12124.13,12181.93,8443.17,7643.6,8854.36
Україна,Пестициди,Кілограм,Одиниці,,,,,2.0,10.58,5.77,1.75,0.75,
Україна,Пестициди,Кілограм,Одиниці,,,,,167492.14,151853.08,204711.7,122156.65,96507.01,99803.03
Україна,Пестициди,Кілограм,Одиниці,,,,,6.6,176.4,43.5,,,
Україна,Пестициди,Кілограм,Одиниці,,,,,352.09,478.86,624.58,127.0,152.19,317.86
Україна,Пестициди,Кілограм,Одиниці,,,,,766.26,2260.7,1399.21,827.86,367.37,773.48
Україна,Пестициди,Кілограм,Одиниці,,,,,4.5,,0.68,0.75,,2.03
Україна,Пестициди,Кілограм,Одиниці,,,,,8234.13,5177.72,6867.95,3209.14,4178.73,4492.62
Україна,Пестициди,Кілограм,Одиниці,,,,,32.83,7.54,6.48,113.27,5.3,1.79
Україна,Пестициди,Кілограм,Одиниці,,,,,39.53,34.8,31.0,6.8,112.84,
Україна,Пестициди,Кілограм,Одиниці,,,,,17426.09,12031.13,17770.7,5843.43,3364.53,4074.98
Україна,Пестициди,Кілограм,Одиниці,,,,,6.75,124.15,55.97,6.85,8.45,221.34
Україна,Пестициди,Кілограм,Одиниці,,,,,224.24,307.33,905.48,358.07,467.81,701.0
Україна,Пестициди,Кілограм,Одиниці,,,,,2.81,3.44,12.5,,,4.38
Україна,Пестициди,Кілограм,Одиниці,,,,,5.4,,4.28,13.08,4.28,11.2
Україна,Пестициди,Кілограм,Одиниці,,,,,819.67,599.86,751.52,411.41,540.57,471.41
Україна,Пестициди,Кілограм,Одиниці,,,,,,0.1,,,0.36,
Україна,Пестициди,Кілограм,Одиниці,,,,,76991.64,82491.76,129445.45,96068.31,91542.69,84739.38
Україна,Пестициди,Кілограм,Одиниці,,,,,5.0,62.5,10.0,5.0,,260.0
Україна,Пестициди,Кілограм,Одиниці,,,,,276.44,687.97,1938.05,1011.05,1038.73,901.25
Україна,Пестициди,Кілограм,Одиниці,,,,,,,,43.5,,
Україна,Пестициди,Кілограм,Одиниці,,,,,5.4,6.11,14.78,5.36,4.91,0.24
Україна,Пестициди,Кілограм,Одиниці,,,,,32.7,33.75,87.0,112.25,41.78,135.2
Україна,Пестициди,Кілограм,Одиниці,,,,,474.42,599.12,900.52,751.62,385.82,213.08
Україна,Пестициди,Кілограм,Одиниці,,,,,4791.36,3947.39,4882.61,3190.72,2257.17,1473.99
Україна,Пестициди,Кілограм,Одиниці,,,,,1.74,0.95,8.92,,,0.3
Україна,Пестициди,Кілограм,Одиниці,,,,,,0.53,,,,
Україна,Пестициди,Кілограм,Одиниці,,,,,284.58,1278.9,635.89,207.75,203.15,218.19
Україна,Пестициди,Кілограм,Одиниці,,,,,176.8,682.95,2118.07,268.7,262.0,317.3
Україна,Пестициди,Кілограм,Одиниці,,,,,958.79,243.37,3012.99,344.9,416.71,38.1
Україна,Пестициди,Кілограм,Одиниці,,,,,4306.56,5085.05,5688.54,4434.84,2650.52,3702.99
Україна,Пестициди,Кілограм,Одиниці,,,,,33.92,470.25,151.63,516.54,55.27,231.93
Україна,Пестициди,Кілограм,Одиниці,,,,,317.73,1435.32,662.53,147.95,139.7,213.2
Україна,Пестициди,Кілограм,Одиниці,,,,,,33.0,6.5,69.35,183.1,31.0
Україна,Пестициди,Кілограм,Одиниці,,,,,70032.42,77881.99,90002.25,44260.68,36984.13,48446.55
Україна,Пестициди,Кілограм,Одиниці,,,,,89.15,112.96,274.23,63.36,93.05,184.2
Україна,Пестициди,Кілограм,Одиниці,,,,,563.03,40.95,839.12,400.84,63.85,91.0
Україна,Пестициди,Кілограм,Одиниці,,,,,7363.81,7341.46,8339.65,5350.34,6277.25,7537.34
Україна,Пестициди,Кілограм,Одиниці,,,,,105.7,201.4,371.08,335.15,8.95,35.6
Україна,Пестициди,Кілограм,Одиниці,,,,,,29.52,29.07,23.63,27.45,31.32
Україна,Пестициди,Кілограм,Одиниці,,,,,331.24,346.41,3162.06,85.01,257.13,148.86
Україна,Пестициди,Кілограм,Одиниці,,,,,3280.29,4035.19,4036.71,3937.44,3302.73,1371.49
Україна,Пестициди,Кілограм,Одиниці,,,,,7726.33,6232.85,9633.42,8160.7,9023.27,9432.49
Україна,Пестициди,Кілограм,Одиниці,,,,,56899.93,71905.06,74878.12,87184.32,55070.28,53367.32
Україна,Пестициди,Кілограм,Одиниці,,,,,6.0,1.43,254.46,16.5,,
Україна,Пестициди,Кілограм,Одиниці,,,,,56066.25,44707.14,52543.55,33184.65,30368.67,27437.39
Україна,Пестициди,Кілограм,Одиниці,,,,,87.77,167.82,288.84,54.9,99.86,218.57
Україна,Пестициди,Кілограм,Одиниці,,,,,143172.77,112035.89,113882.2,75779.98,74552.47,89027.58
Україна,Пестициди,Кілограм,Одиниці,,,,,5331.3,4269.02,4557.01,4533.34,5112.22,3975.84
Україна,Пестициди,Кілограм,Одиниці,,,,,366.02,906.83,1746.34,1655.52,982.06,1015.46
Україна,Пестициди,Кілограм,Одиниці,,,,,127.41,1.87,268.8,139.2,,21.0
Україна,Пестициди,Кілограм,Одиниці,,,,,4571.89,4623.54,6239.33,4527.54,4601.69,4471.21
Україна,Пестициди,Кілограм,Одиниці,,,,,678.72,682.24,543.87,101.09,208.13,37.51
Україна,Пестициди,Кілограм,Одиниці,,,,,2553.27,832.71,2035.68,334.04,1.23,1900.31
Україна,Пестициди,Кілограм,Одиниці,,,,1879189.0,1892449.0,1749378.0,2076843.0,1320945.0,1166589.0,1159377.0
Україна,Пестициди,Кілограм,Одиниці,,,,,131915.53,130261.29,137887.09,94011.34,98236.35,104185.24
Україна,Пестициди,Кілограм,Одиниці,,,,,,5.63,1.25,25.63,,
Україна,Пестициди,Кілограм,Одиниці,,,,,4889.31,2925.13,4687.76,5256.54,2484.72,2710.38
Україна,Пестициди,Кілограм,Одиниці,,,,,13332.52,8102.37,9757.4,6897.53,3813.16,6396.84
Україна,Пестициди,Кілограм,Одиниці,,,,,238897.61,177222.51,147504.08,100810.16,69279.35,76478.63
Україна,Пестициди,Кілограм,Одиниці,,,,,2528.12,1312.09,523.59,203.59,33.61,162.43
Україна,Пестициди,Кілограм,Одиниці,,,,,12793.05,13112.18,12423.3,8636.13,5738.47,7262.13
Україна,Пестициди,Кілограм,Одиниці,,,,,784.39,759.66,1691.91,2083.91,1720.32,2733.9
Україна,Пестициди,Кілограм,Одиниці,,,,,470.7,3010.88,1868.7,1439.99,19.84,192.0
Україна,Пестициди,Кілограм,Одиниці,,,,,,,0.38,,0.03,
Україна,Пестициди,Кілограм,Одиниці,,,,,3218.24,3595.08,5161.09,2411.79,1243.75,2516.02
Україна,Пестициди,Кілограм,Одиниці,,,,,952.23,139.49,2000.98,1180.53,147.4,70.82
Україна,Пестициди,Кілограм,Одиниці,,,,,,11.7,13.5,29.25,69.08,
Україна,Пестициди,Кілограм,Одиниці,,,,,20443.59,15467.14,14977.13,8563.95,3939.31,6387.84
Україна,Пестициди,Кілограм,Одиниці,,,,,1157.23,957.03,1344.65,1638.39,1844.73,2377.19
Україна,Пестициди,Кілограм,Одиниці,,,,,5640.18,7053.13,8488.0,3799.3,1427.19,5269.86
Україна,Пестициди,Кілограм,Одиниці,,,,,91.68,152.69,344.35,133.2,85.2,68.28
Україна,Пестициди,Кілограм,Одиниці,,,,,12806.67,8650.41,11456.0,11727.76,6913.67,4899.38
Україна,Пестициди,Кілограм,Одиниці,,,,,8366.69,9592.17,9459.27,6997.31,5539.32,4497.82
Україна,Пестициди,Кілограм,Одиниці,,,,,119195.01,125839.22,146176.69,56514.86,37450.26,45975.66
Україна,Пестициди,Кілограм,Одиниці,,,,,1362.32,845.04,739.82,485.67,808.06,147.85
Україна,Пестициди,Кілограм,Одиниці,,,,,4.0,,,,,
Україна,Пестициди,Кілограм,Одиниці,,,,,355.79,252.89,241.77,378.93,1645.12,1231.38
Україна,Пестициди,Кілограм,Одиниці,,,,,13.79,28.94,91.8,18.91,9.07,2.22
Україна,Пестициди,Кілограм,Одиниці,,,,,879.15,899.78,1313.1,784.48,436.92,434.4
Україна,Пестициди,Кілограм,Одиниці,,,,,3749.08,2098.08,1947.15,1258.26,1759.64,752.44
Україна,Пестициди,Кілограм,Одиниці,,,,,53477.22,46808.99,17288.79,22818.23,11248.47,10562.85
Україна,Пестициди,Кілограм,Одиниці,,,,,47109.78,42981.25,79044.03,39454.18,21781.24,24382.68
Україна,Пестициди,Кілограм,Одиниці,,,,,643.98,556.35,918.18,633.79,285.7,264.97
Україна,Пестициди,Кілограм,Одиниці,,,,,72.11,1547.19,578.74,466.25,785.04,864.3
Україна,Пестициди,Кілограм,Одиниці,,,,,242.96,780.01,1135.39,1970.87,987.86,1245.78
Україна,Пестициди,Кілограм,Одиниці,,,,,8181.29,5445.86,2554.84,2005.02,1558.78,2607.09
Україна,Пестициди,Кілограм,Одиниці,,,,,798.58,2423.64,2284.15,1236.0,609.02,633.75
Україна,Пестициди,Кілограм,Одиниці,,,,,270.03,237.77,266.17,160.12,312.11,165.02
Україна,Пестициди,Кілограм,Одиниці,,,,,509.83,314.48,356.14,254.35,508.48,227.5
Україна,Пестициди,Кілограм,Одиниці,,,,,3275.05,2608.63,2913.27,6647.33,7179.74,6495.37
Україна,Пестициди,Кілограм,Одиниці,,,,,85129.83,72329.86,77530.12,48661.23,39517.23,56241.04
Україна,Пестициди,Кілограм,Одиниці,,,,,157.0,101.07,87.9,151.27,194.62,414.32
Україна,Пестициди,Кілограм,Одиниці,,,,,449.2,107.13,590.54,165.38,74.55,289.5
Україна,Пестициди,Кілограм,Одиниці,,,,,345.68,79.93,288.46,,282.13,
Україна,Пестициди,Кілограм,Одиниці,,,,,103.99,113.75,2589.06,892.08,67.81,102.91
Україна,Пестициди,Кілограм,Одиниці,,,,,272.2,347.18,26.79,191.65,77.45,31.04
Україна,Пестициди,Кілограм,Одиниці,,,,,15164.87,13330.23,2022.56,987.99,425.23,25.0
Україна,Пестициди,Кілограм,Одиниці,,,,,,,,3.0,,
Україна,Пестициди,Кілограм,Одиниці,,,,,145.85,178.7,234.53,129.65,76.93,65.84
Україна,Пестициди,Кілограм,Одиниці,,,,,12.12,24.88,13.84,43.18,30.49,12.82
Україна,Пестициди,Кілограм,Одиниці,,,,,110.58,38.9,126.69,120.54,43.64,1161.02
Україна,Пестициди,Кілограм,Одиниці,,,,,984.52,1054.2,1596.31,903.85,487.52,492.63
Україна,Пестициди,Кілограм,Одиниці,,,,,203.79,268.92,351.77,226.07,292.96,132.93
Україна,Пестициди,Кілограм,Одиниці,,,,,1041.29,1125.21,755.73,466.47,185.77,405.58
Україна,Пестициди,Кілограм,Одиниці,,,,,2014.67,2033.56,2552.7,1984.72,996.74,1482.91
Україна,Пестициди,Кілограм,Одиниці,,,,,363.46,349.71,1045.59,453.45,486.1,748.84
Україна,Пестициди,Кілограм,Одиниці,,,,,958.86,388.54,972.99,537.9,370.47,822.28
Україна,Пестициди,Кілограм,Одиниці,,,,,791.8,1000.2,418.73,333.62,517.64,1351.3
Україна,Пестициди,Кілограм,Одиниці,,,,,9164.74,11035.58,26220.41,6468.9,6286.97,4513.71
Україна,Пестициди,Кілограм,Одиниці,,,,,5669.08,5051.19,5484.55,4808.79,3168.44,3632.79
Україна,Пестициди,Кілограм,Одиниці,,,,,7855.77,21517.61,60820.25,11177.22,9289.97,5056.54
Україна,Пестициди,Кілограм,Одиниці,,,,,5028.51,3677.21,2671.7,2267.24,1377.49,1958.53
Україна,Пестициди,Кілограм,Одиниці,,,,,208.9,109.02,154.25,141.59,186.27,16.53
Україна,Пестициди,Кілограм,Одиниці,,,,,212.71,263.0,150.04,72.17,97.17,50.59
Україна,Пестициди,Кілограм,Одиниці,,,,,294.13,383.24,993.45,513.28,208.71,237.4
Україна,Пестициди,Кілограм,Одиниці,,,,,362.17,563.83,951.82,1271.81,1719.37,576.06
Україна,Пестициди,Кілограм,Одиниці,,,,,259.15,6544.68,720.35,153.01,889.8,86.4
Україна,Пестициди,Кілограм,Одиниці,,,,,104.85,216.36,234.07,177.37,92.02,70.33
Україна,Пестициди,Кілограм,Одиниці,,,,,11.7,20.04,5.6,,,
Україна,Пестициди,Кілограм,Одиниці,,,,,45.4,27.66,68.58,57.91,19.3,37.56
Україна,Пестициди,Кілограм,Одиниці,,,,,,138.84,62.16,472.64,,
Україна,Пестициди,Кілограм,Одиниці,,,,,192251.77,221029.87,260926.61,135739.84,135832.48,154253.48
Україна,Пестициди,Кілограм,Одиниці,,,,,749.45,2515.69,4586.51,6530.77,2975.95,4464.04
Україна,Пестициди,Кілограм,Одиниці,,,,,104.63,,3.15,,,
Україна,Пестициди,Кілограм,Одиниці,,,,,556.31,522.19,19.67,1011.82,0.74,
Україна,Пестициди,Кілограм,Одиниці,,,,,1254.23,1028.38,517.94,117.43,28.16,40.61
Україна,Пестициди,Кілограм,Одиниці,,,,,11.93,72.77,85.88,16.88,35.82,99.75
Україна,Пестициди,Кілограм,Одиниці,,,,,,8.6,531.17,39.2,179.96,141.94
Україна,Пестициди,Кілограм,Одиниці,,,,,103269.79,106922.9,160717.86,100944.62,106586.6,153571.16
Україна,Пестициди,Кілограм,Одиниці,,,,,14324.52,21324.74,18928.91,5342.68,2019.59,2132.0
Україна,Пестициди,Кілограм,Одиниці,,,,,0.04,,,0.32,,
Україна,Пестициди,Кілограм,Одиниці,,,,,177.1,202.19,558.43,138.79,119.77,99.16
Україна,Пестициди,Кілограм,Одиниці,,,,,7641.21,5314.03,6412.07,4460.27,5270.67,7375.5
Україна,Пестициди,Кілограм,Одиниці,,,,,981.89,1266.49,2110.06,994.21,941.68,1339.96
Україна,Пестициди,Кілограм,Одиниці,,,,,3792.18,1968.13,785.38,305.39,50.41,243.65
Україна,Пестициди,Кілограм,Одиниці,,,,,1619.91,1746.06,1822.14,907.22,637.21,908.83
Україна,Пестициди,Кілограм,Одиниці,,,,,2206.63,2927.11,6449.26,2378.44,1359.06,4199.47
Україна,Пестициди,Кілограм,Одиниці,,,,,1.95,8.75,0.05,2.92,9.0,0.45
Україна,Пестициди,Кілограм,Одиниці,,,,,10296.62,7220.54,7264.33,3553.0,1905.38,4314.39
Україна,Пестициди,Кілограм,Одиниці,,,,,62.32,0.16,,2.88,5.44,
Україна,Пестициди,Кілограм,Одиниці,,,,,38.82,29.55,56.16,102.72,111.48,5.04
Україна,Пестициди,Кілограм,Одиниці,,,,,20548.47,12962.14,16272.1,8081.22,5179.72,7057.23
Україна,Пестициди,Кілограм,Одиниці,,,,,39.71,37.14,40.75,98.34,48.72,3.5
Україна,Пестициди,Кілограм,Одиниці,,,,,51.29,118.73,67.42,76.95,14.31,64.94
Україна,Пестициди,Кілограм,Одиниці,,,,,771.99,689.16,584.32,652.58,380.79,733.41
Україна,Пестициди,Кілограм,Одиниці,,,,,247.34,21.26,136.34,236.09,1635.36,1210.82
Україна,Пестициди,Кілограм,Одиниці,,,,,313.69,198.94,548.16,271.11,282.07,932.46
Україна,Пестициди,Кілограм,Одиниці,,,,,11.44,185.24,98.41,82.14,26.24,107.61
Україна,Пестициди,Кілограм,Одиниці,,,,,38.0,4.25,419.4,205.25,266.25,
Україна,Пестициди,Кілограм,Одиниці,,,,,14.24,12.49,,,0.15,0.47
Україна,Пестициди,Кілограм,Одиниці,,,,1204301.0,1225991.0,1170100.0,1330671.0,757739.0,634872.0,757743.0
Україна,Пестициди,Кілограм,Одиниці,,,,,77.17,93.06,8.3,,,
Україна,Пестициди,Кілограм,Одиниці,,,,,33649.73,30817.13,31461.82,19363.46,16498.02,16613.63
Україна,Пестициди,Кілограм,Одиниці,,,,,4252.28,3933.43,5256.37,3664.44,3198.02,3237.65
Україна,Пестициди,Кілограм,Одиниці,,,,,4875.56,3061.64,3437.06,2342.23,3870.65,1360.99
Україна,Пестициди,Кілограм,Одиниці,,,,,1169.86,1808.93,1806.98,1004.04,840.11,929.4
Україна,Пестициди,Кілограм,Одиниці,,,,,2324.49,1919.25,2703.19,3282.88,3694.59,4756.96
Україна,Пестициди,Кілограм,Одиниці,,,,,1160.37,961.12,822.34,563.56,605.95,563.42
Україна,Пестициди,Кілограм,Одиниці,,,,,2472.09,1628.61,1956.86,1055.81,772.25,589.91
Україна,Пестициди,Кілограм,Одиниці,,,,,901.87,865.66,691.82,383.15,493.25,281.07
Україна,Пестициди,Кілограм,Одиниці,,,,,109.75,165.4,302.82,146.29,181.51,10.32
Україна,Пестициди,Кілограм,Одиниці,,,,,1303.44,726.6,974.5,753.44,1121.73,510.14
Україна,Пестициди,Кілограм,Одиниці,,,,,12703.75,8640.74,8111.42,4289.69,3518.39,4961.1
Україна,Пестициди,Кілограм,Одиниці,,,,,82.6,,,,,
Україна,Пестициди,Кілограм,Одиниці,,,,,19.37,5.4,88.53,5.62,6.96,5.75
Україна,Пестициди,Кілограм,Одиниці,,,,,22.16,5.63,2.63,,,4.5
Україна,Пестициди,Кілограм,Одиниці,,,,,6.54,8.02,22.1,9.29,26.45,225.97
Україна,Пестициди,Кілограм,Одиниці,,,,,255.46,467.68,357.39,546.64,278.45,86.24
Україна,Пестициди,Кілограм,Одиниці,,,,,30997.58,32525.45,37438.99,21461.64,24488.04,24618.44
Україна,Пестициди,Кілограм,Одиниці,,,,,812.73,476.25,664.22,503.43,188.85,123.26
Україна,Пестициди,Кілограм,Одиниці,,,,,24837.64,16881.55,20513.6,12723.85,11461.38,12660.65
Україна,Пестициди,Кілограм,Одиниці,,,,,28.13,75.83,10.13,,,
Україна,Пестициди,Кілограм,Одиниці,,,,,,,,,,16.8
Україна,Пестициди,Кілограм,Одиниці,,,,,889.84,1093.58,1301.51,525.31,716.25,1977.16
Україна,Пестициди,Кілограм,Одиниці,,,,,145392.25,98007.67,88135.72,47216.64,42038.44,52491.72
Україна,Пестициди,Кілограм,Одиниці,,,,,,10.0,,5.0,2.5,
Україна,Пестициди,Кілограм,Одиниці,,,,,3755.23,1414.51,3307.47,1527.28,3978.3,8005.63
Україна,Пестициди,Кілограм,Одиниці,,,,,152.5,100.42,318.38,36.7,,87.5
Україна,Пестициди,Кілограм,Одиниці,,,,,4.16,23.03,25.9,11.66,0.36,0.04
Україна,Пестициди,Кілограм,Одиниці,,,,,28.65,,3.0,5.81,66.68,
Україна,Пестициди,Кілограм,Одиниці,,,,,,0.6,28.38,,4.63,
Україна,Пестициди,Кілограм,Одиниці,,,,,14.41,2.4,0.48,,91.2,0.72
Україна,Пестициди,Кілограм,Одиниці,,,,,47.57,81.25,,266.95,,
Україна,Пестициди,Кілограм,Одиниці,,,,,51.5,13.25,37.5,58.85,,0.5
Україна,Пестициди,Кілограм,Одиниці,,,,,12.55,4.71,27.19,12.98,28.26,3.5
Україна,Пестициди,Кілограм,Одиниці,,,,,15.56,8.88,13.79,0.75,4.1,4.3
Україна,Пестициди,Кілограм,Одиниці,,,,,39.87,132.58,420.28,336.31,685.55,753.34
Україна,Пестициди,Кілограм,Одиниці,,,,,33602.18,43487.61,56022.8,35665.87,29292.98,30559.64
Україна,Пестициди,Кілограм,Одиниці,,,,,1.1,1.1,4.65,5.1,,
Україна,Пестициди,Кілограм,Одиниці,,,,,1.26,0.5,7.6,11.6,8.8,
Україна,Пестициди,Кілограм,Одиниці,,,,,,97.0,2.5,12.5,3.25,
Україна,Пестициди,Кілограм,Одиниці,,,,,12644.65,13769.27,16191.61,11475.58,8168.3,6708.9
Україна,Пестициди,Кілограм,Одиниці,,,,,,0.48,0.72,3.17,,
Україна,Пестициди,Кілограм,Одиниці,,,,,82.8,5.54,2.88,1.2,,
Україна,Пестициди,Кілограм,Одиниці,,,,,,12.5,100.0,117.5,,
Україна,Пестициди,Кілограм,Одиниці,,,,,0.04,1.42,2.24,,,3.2
Україна,Пестициди,Кілограм,Одиниці,,,,,563.25,404.24,222.03,260.01,332.27,353.23
Україна,Пестициди,Кілограм,Одиниці,,,,,174956.5,167130.54,179916.51,110843.77,126642.83,117622.82
Україна,Пестициди,Кілограм,Одиниці,,,,,1064.46,591.85,1465.64,894.39,861.97,566.17
Україна,Пестициди,Кілограм,Одиниці,,,,,5275.13,7837.77,17279.23,7820.44,5472.86,7083.99
Україна,Пестициди,Кілограм,Одиниці,,,,,9195.51,6791.37,4898.58,4278.27,4724.15,6334.88
Україна,Пестициди,Кілограм,Одиниці,,,,,74.1,,294.12,684.57,,
Україна,Пестициди,Кілограм,Одиниці,,,,,10.26,22.8,,,,57.0
Україна,Пестициди,Кілограм,Одиниці,,,,,26.85,30.92,24.16,79.71,124.62,200.31
Україна,Пестициди,Кілограм,Одиниці,,,,,,31.05,45.0,11.25,,8.91
Україна,Пестициди,Кілограм,Одиниці,,,,,310.07,320.43,166.05,5.37,188.05,1045.39
Україна,Пестициди,Кілограм,Одиниці,,,,,9515.1,2720.78,6637.45,1179.63,19809.98,74.34
Україна,Пестициди,Кілограм,Одиниці,,,,,6.5,126.89,30.5,,,3.71
Україна,Пестициди,Кілограм,Одиниці,,,,,0.1,0.3,0.09,0.01,0.03,0.11
Україна,Пестициди,Кілограм,Одиниці,,,,,22.6,7.7,27.8,,,8.25
Україна,Пестициди,Кілограм,Одиниці,,,,,1137.24,323.07,3893.19,5159.8,4594.17,4845.98
Україна,Пестициди,Кілограм,Одиниці,,,,464562.0,488409.0,438536.0,480381.0,285160.0,302887.0,295226.0
Україна,Пестициди,Кілограм,Одиниці,,,,,750.46,2428.82,1887.42,111.64,353.66,294.46
Україна,Пестициди,Кілограм,Одиниці,,,,,1.05,3.2,6.99,1.52,1.61,0.75
Україна,Пестициди,Кілограм,Одиниці,,,,,16.59,35.61,54.44,11.38,14.05,6.75
Україна,Пестициди,Кілограм,Одиниці,,,,,0.09,0.18,0.14,0.06,0.09,0.14
Україна,Пестициди,Кілограм,Одиниці,,,,,1.35,0.0,1.32,0.68,11.48,0.82
Україна,Пестициди,Кілограм,Одиниці,,,,,2.63,2.94,0.9,0.06,0.74,0.0
Україна,Пестициди,Кілограм,Одиниці,,,,,961.02,220.58,189.62,3315.81,155.19,52.36
Україна,Пестициди,Кілограм,Одиниці,,,,,58.23,51.21,71.35,21.24,28.38,40.46
Україна,Пестициди,Кілограм,Одиниці,,,,3669.0,2871.0,3015.0,6034.0,8601.0,5131.0,5201.0
Україна,Пестициди,Кілограм,Одиниці,,,,,35525.75,21102.72,30989.02,23255.78,13509.63,15550.69
Україна,Пестициди,Кілограм,Одиниці,,,,,422139.88,238674.11,281494.8,221342.71,180590.07,130158.17
Україна,Пестициди,Кілограм,Одиниці,,,,,30.04,37.43,103.11,19.57,26.83,24.82
Україна,Пестициди,Кілограм,Одиниці,,,,,,1.5,,,,1.1
Україна,Пестициди,Кілограм,Одиниці,,,,,13910.16,12743.96,16969.73,10488.83,7715.45,9245.78
Україна,Пестициди,Кілограм,Одиниці,,,,,,0.39,2.82,0.42,,
Україна,Пестициди,Кілограм,Одиниці,,,,,32.91,177.2,240.69,199.94,111.48,62.11
Україна,Пестициди,Кілограм,Одиниці,,,,,10918.08,6228.33,7377.96,3465.91,7276.14,5530.51
Україна,Пестициди,Кілограм,Одиниці,,,,,491.41,160.0,83.66,27.34,,
Україна,Пестициди,Кілограм,Одиниці,,,,,0.2,6.2,0.42,4.18,0.91,5.9
Україна,Пестициди,Кілограм,Одиниці,,,,,229.76,299.65,359.21,218.46,205.29,238.99
Україна,Пестициди,Кілограм,Одиниці,,,,,311.44,298.43,320.71,162.56,45.84,60.74
Україна,Пестициди,Кілограм,Одиниці,,,,,207.63,198.96,213.81,108.37,30.56,40.5
Україна,Пестициди,Кілограм,Одиниці,,,,,0.3,0.21,0.21,0.05,0.02,0.0
Україна,Пестициди,Кілограм,Одиниці,,,,,17.26,19.65,20.78,35.67,17.34,20.01
Україна,Пестициди,Кілограм,Одиниці,,,,,1.3,1.48,1.57,2.69,1.31,1.51
Україна,Пестициди,Кілограм,Одиниці,,,,,4484.74,4297.4,4618.17,2340.85,660.11,874.67
Україна,Пестициди,Кілограм,Одиниці,,,,,1766.16,1057.41,2982.37,580.41,61.2,144.0
Україна,Пестициди,Кілограм,Одиниці,,,,,,126.1,110.0,,,13.0
Україна,Пестициди,Кілограм,Одиниці,,,,4056333.0,4101755.0,3648342.0,4241856.0,2635717.0,2320041.0,2379933.0
Вінницька,Пестициди,Кілограм,Одиниці,,,,161.0,523.0,304.0,15.0,687.0,3.0,225.0
Україна,Пестициди,Кілограм,Одиниці,,,,,1910.17,1830.38,1967.0,997.03,281.16,372.54
Вінницька,Пестициди,Кілограм,Одиниці,,,,135938.0,148881.0,147952.0,138371.0,124036.0,110470.0,111092.0
Україна,Пестициди,Кілограм,Одиниці,,,,504612.0,492035.0,287313.0,347927.0,263272.0,210562.0,162386.0
Вінницька,Пестициди,Кілограм,Одиниці,,,,35516.0,38550.0,24187.0,27792.0,26255.0,20317.0,22170.0
Вінницька,Пестициди,Кілограм,Одиниці,,,,55871.0,60336.0,63192.0,37488.0,40513.0,37492.0,37950.0
Волинська,Пестициди,Кілограм,Одиниці,,,,68.0,0.0,0.0,1101.0,139.0,57.0,31.0
Волинська,Пестициди,Кілограм,Одиниці,,,,6079.0,7737.0,8163.0,7923.0,8095.0,6005.0,5312.0
Волинська,Пестициди,Кілограм,Одиниці,,,,50103.0,52693.0,48583.0,53404.0,44112.0,32778.0,28131.0
Волинська,Пестициди,Кілограм,Одиниці,,,,46798.0,55288.0,64059.0,66883.0,52363.0,41264.0,34711.0
Волинська,Пестициди,Кілограм,Одиниці,,,,16151.0,18870.0,7796.0,12633.0,13026.0,12427.0,8045.0
Вінницька,Пестициди,Кілограм,Одиниці,,,,50028.0,54781.0,42966.0,43217.0,29160.0,31515.0,15097.0
Вінницька,Пестициди,Кілограм,Одиниці,,,,277514.0,303071.0,278601.0,246883.0,220651.0,199797.0,186534.0
Дніпропетровська,Пестициди,Кілограм,Одиниці,,,,240192.0,251606.0,247935.0,301998.0,214214.0,174317.0,206601.0
Волинська,Пестициди,Кілограм,Одиниці,,,,119199.0,134588.0,128601.0,141944.0,117735.0,92531.0,76230.0
Дніпропетровська,Пестициди,Кілограм,Одиниці,,,,31687.0,34340.0,33365.0,38359.0,27638.0,22903.0,25384.0
Дніпропетровська,Пестициди,Кілограм,Одиниці,,,,88618.0,85655.0,95333.0,106373.0,78225.0,59027.0,95690.0
Донецька,Пестициди,Кілограм,Одиниці,,,,78087.0,84014.0,77280.0,108486.0,19889.0,14382.0,11366.0
Дніпропетровська,Пестициди,Кілограм,Одиниці,,,,114.0,567.0,4.0,77.0,70.0,49.0,249.0
Дніпропетровська,Пестициди,Кілограм,Одиниці,,,,10175.0,11511.0,5566.0,7208.0,8924.0,5904.0,6491.0
Дніпропетровська,Пестициди,Кілограм,Одиниці,,,,109598.0,119533.0,113667.0,149981.0,99357.0,86434.0,78787.0
Донецька,Пестициди,Кілограм,Одиниці,,,,15692.0,7962.0,1499.0,1771.0,1028.0,283.0,1551.0
Донецька,Пестициди,Кілограм,Одиниці,,,,17.0,0.0,3.0,224.0,0.0,7.0,12.0
Донецька,Пестициди,Кілограм,Одиниці,,,,46500.0,54763.0,49096.0,81793.0,14806.0,10405.0,8018.0
Донецька,Пестициди,Кілограм,Одиниці,,,,26263.0,23350.0,24520.0,21829.0,4630.0,4580.0,3470.0
Донецька,Пестициди,Кілограм,Одиниці,,,,166559.0,170089.0,152398.0,214103.0,40353.0,29657.0,24417.0
Житомирська,Пестициди,Кілограм,Одиниці,,,,59095.0,56510.0,54615.0,51710.0,48399.0,38496.0,37628.0
Житомирська,Пестициди,Кілограм,Одиниці,,,,38227.0,37718.0,50662.0,31549.0,14270.0,17803.0,10361.0
Закарпатська,Пестициди,Кілограм,Одиниці,,,,115.0,169.0,617.0,300.0,103.0,190.0,171.0
Закарпатська,Пестициди,Кілограм,Одиниці,,,,1466.0,1387.0,891.0,705.0,1455.0,610.0,437.0
Закарпатська,Пестициди,Кілограм,Одиниці,,,,252.0,298.0,1007.0,1006.0,1975.0,250.0,106.0
Закарпатська,Пестициди,Кілограм,Одиниці,,,,,,0.0,0.0,0.0,,0.0
Житомирська,Пестициди,Кілограм,Одиниці,,,,17.0,32.0,927.0,1.0,347.0,71.0,10.0
Житомирська,Пестициди,Кілограм,Одиниці,,,,25885.0,28390.0,19263.0,22439.0,13966.0,11831.0,9306.0
Житомирська,Пестициди,Кілограм,Одиниці,,,,135307.0,133616.0,137345.0,116051.0,85086.0,73857.0,63815.0
Житомирська,Пестициди,Кілограм,Одиниці,,,,12083.0,10966.0,11878.0,10352.0,8104.0,5656.0,6510.0
Запорізька,Пестициди,Кілограм,Одиниці,,,,100505.0,119659.0,120447.0,162866.0,22952.0,12271.0,15528.0
Закарпатська,Пестициди,Кілограм,Одиниці,,,,935.0,1308.0,833.0,889.0,198.0,116.0,14.0
Запорізька,Пестициди,Кілограм,Одиниці,,,,275.0,40.0,65.0,69.0,0.0,0.0,0.0
Запорізька,Пестициди,Кілограм,Одиниці,,,,81225.0,76638.0,76904.0,130998.0,17526.0,9270.0,7241.0
Запорізька,Пестициди,Кілограм,Одиниці,,,,36767.0,38462.0,41939.0,53832.0,6940.0,5532.0,4857.0
Запорізька,Пестициди,Кілограм,Одиниці,,,,11806.0,11715.0,7355.0,11999.0,292.0,570.0,61.0
Закарпатська,Пестициди,Кілограм,Одиниці,,,,2768.0,3162.0,3348.0,2900.0,3731.0,1166.0,728.0
Івано-Франківська,Пестициди,Кілограм,Одиниці,,,,800.0,0.0,0.0,1200.0,1179.0,2112.0,1729.0
Івано-Франківська,Пестициди,Кілограм,Одиниці,,,,19300.0,12160.0,9782.0,5627.0,4943.0,4388.0,7726.0
Івано-Франківська,Пестициди,Кілограм,Одиниці,,,,4135.0,4008.0,4470.0,3136.0,2941.0,2874.0,2718.0
Івано-Франківська,Пестициди,Кілограм,Одиниці,,,,23819.0,29427.0,20498.0,22814.0,11583.0,7955.0,11346.0
Київська,Пестициди,Кілограм,Одиниці,,,,85381.0,87803.0,80371.0,107228.0,75972.0,70150.0,72717.0
Івано-Франківська,Пестициди,Кілограм,Одиниці,,,,78548.0,69907.0,55852.0,47335.0,40842.0,32431.0,38244.0
Івано-Франківська,Пестициди,Кілограм,Одиниці,,,,30494.0,24312.0,21102.0,14558.0,20196.0,15102.0,14725.0
Запорізька,Пестициди,Кілограм,Одиниці,,,,230578.0,246514.0,246710.0,359764.0,47710.0,27643.0,27687.0
Київська,Пестициди,Кілограм,Одиниці,,,,39999.0,44797.0,39990.0,48623.0,23289.0,29513.0,23674.0
Кіровоградська,Пестициди,Кілограм,Одиниці,,,,84407.0,94963.0,92760.0,116390.0,99994.0,86031.0,72534.0
Київська,Пестициди,Кілограм,Одиниці,,,,171285.0,179056.0,154172.0,200216.0,124811.0,123476.0,122133.0
Київська,Пестициди,Кілограм,Одиниці,,,,15734.0,14080.0,13509.0,16605.0,12801.0,10921.0,14123.0
Кіровоградська,Пестициди,Кілограм,Одиниці,,,,58119.0,48902.0,51983.0,65104.0,50477.0,43311.0,35462.0
Київська,Пестициди,Кілограм,Одиниці,,,,30164.0,32369.0,20300.0,27759.0,12749.0,12781.0,11421.0
Київська,Пестициди,Кілограм,Одиниці,,,,7.0,7.0,2.0,1.0,0.0,111.0,198.0
Кіровоградська,Пестициди,Кілограм,Одиниці,,,,199373.0,200985.0,186073.0,221290.0,188875.0,183973.0,134348.0
Кіровоградська,Пестициди,Кілограм,Одиниці,,,,26395.0,19561.0,14945.0,11507.0,14478.0,6063.0,5215.0
Луганська,Пестициди,Кілограм,Одиниці,,,,23177.0,20000.0,22425.0,19536.0,265.0,,
Луганська,Пестициди,Кілограм,Одиниці,,,,56577.0,50108.0,59564.0,65461.0,198.0,,
Кіровоградська,Пестициди,Кілограм,Одиниці,,,,159.0,38.0,37.0,40.0,505.0,289.0,474.0
Кіровоградська,Пестициди,Кілограм,Одиниці,,,,30293.0,37521.0,26348.0,28249.0,23421.0,48279.0,20663.0
Луганська,Пестициди,Кілограм,Одиниці,,,,47182.0,42441.0,46591.0,43861.0,348.0,,
Луганська,Пестициди,Кілограм,Одиниці,,,,1.0,364.0,1083.0,1125.0,96.0,,
Львівська,Пестициди,Кілограм,Одиниці,,,,6.0,19.0,6.0,0.0,232.0,0.0,110.0
Львівська,Пестициди,Кілограм,Одиниці,,,,32387.0,28411.0,24089.0,14813.0,10195.0,12591.0,17194.0
Львівська,Пестициди,Кілограм,Одиниці,,,,8811.0,10806.0,5872.0,5833.0,4619.0,4385.0,3916.0
Львівська,Пестициди,Кілограм,Одиниці,,,,63056.0,57915.0,50395.0,50630.0,37866.0,32468.0,29491.0
Львівська,Пестициди,Кілограм,Одиниці,,,,58669.0,60226.0,61812.0,37896.0,31165.0,30871.0,27772.0
Луганська,Пестициди,Кілограм,Одиниці,,,,6522.0,3446.0,2384.0,3319.0,68.0,,
Луганська,Пестициди,Кілограм,Одиниці,,,,133459.0,116359.0,132047.0,133302.0,975.0,,
Миколаївська,Пестициди,Кілограм,Одиниці,,,,9124.0,7623.0,1656.0,2761.0,7196.0,5298.0,1098.0
Миколаївська,Пестициди,Кілограм,Одиниці,,,,189459.0,192524.0,163382.0,197240.0,134715.0,114572.0,132450.0
Миколаївська,Пестициди,Кілограм,Одиниці,,,,23592.0,30075.0,24737.0,24474.0,19866.0,16150.0,21886.0
Львівська,Пестициди,Кілограм,Одиниці,,,,162929.0,157377.0,142174.0,109172.0,84077.0,80315.0,78483.0
Миколаївська,Пестициди,Кілограм,Одиниці,,,,86117.0,78348.0,76033.0,90922.0,55751.0,50400.0,44644.0
Миколаївська,Пестициди,Кілограм,Одиниці,,,,490.0,314.0,11.0,649.0,884.0,1187.0,67.0
Миколаївська,Пестициди,Кілограм,Одиниці,,,,70136.0,76164.0,60945.0,78434.0,51018.0,41537.0,64755.0
Одеська,Пестициди,Кілограм,Одиниці,,,,146500.0,109032.0,62131.0,116647.0,75826.0,88647.0,87883.0
Одеська,Пестициди,Кілограм,Одиниці,,,,71357.0,71992.0,87880.0,126250.0,100983.0,80581.0,144919.0
Одеська,Пестициди,Кілограм,Одиниці,,,,273014.0,228009.0,178997.0,286134.0,205697.0,201865.0,267703.0
Полтавська,Пестициди,Кілограм,Одиниці,,,,67442.0,68062.0,71707.0,86858.0,95990.0,76566.0,84506.0
Одеська,Пестициди,Кілограм,Одиниці,,,,33565.0,30605.0,25981.0,37894.0,24896.0,27859.0,29018.0
Полтавська,Пестициди,Кілограм,Одиниці,,,,25240.0,26379.0,21003.0,21485.0,22048.0,21427.0,18635.0
Одеська,Пестициди,Кілограм,Одиниці,,,,607.0,110.0,85.0,155.0,867.0,168.0,1274.0
Одеська,Пестициди,Кілограм,Одиниці,,,,20985.0,16270.0,2920.0,5188.0,3125.0,4610.0,4609.0
Полтавська,Пестициди,Кілограм,Одиниці,,,,15243.0,16514.0,14727.0,16686.0,12322.0,12329.0,13860.0
Полтавська,Пестициди,Кілограм,Одиниці,,,,6.0,87.0,0.0,270.0,121.0,226.0,0.0
Рівненська,Пестициди,Кілограм,Одиниці,,,,29545.0,20044.0,28813.0,37312.0,24752.0,12676.0,11932.0
Рівненська,Пестициди,Кілограм,Одиниці,,,,25174.0,39814.0,35956.0,37798.0,36258.0,23186.0,16645.0
Рівненська,Пестициди,Кілограм,Одиниці,,,,4053.0,6378.0,3879.0,9533.0,6925.0,6200.0,4267.0
Полтавська,Пестициди,Кілограм,Одиниці,,,,9113.0,7006.0,5719.0,12218.0,5705.0,8586.0,4419.0
Полтавська,Пестициди,Кілограм,Одиниці,,,,117044.0,118048.0,113156.0,137517.0,136186.0,119134.0,121420.0
Рівненська,Пестициди,Кілограм,Одиниці,,,,,415.0,444.0,334.0,0.0,183.0,89.0
Рівненська,Пестициди,Кілограм,Одиниці,,,,72111.0,84920.0,75244.0,96222.0,79952.0,48391.0,35577.0
Рівненська,Пестициди,Кілограм,Одиниці,,,,13339.0,18269.0,6152.0,11245.0,12017.0,6146.0,2644.0
Сумська,Пестициди,Кілограм,Одиниці,,,,41217.0,31691.0,28848.0,25792.0,19262.0,18677.0,16454.0
Сумська,Пестициди,Кілограм,Одиниці,,,,74209.0,81888.0,77847.0,91564.0,75180.0,61026.0,62164.0
Сумська,Пестициди,Кілограм,Одиниці,,,,159263.0,157479.0,135809.0,150883.0,122358.0,101185.0,93817.0
Сумська,Пестициди,Кілограм,Одиниці,,,,,0.0,5.0,94.0,9.0,0.0,42.0
Сумська,Пестициди,Кілограм,Одиниці,,,,16608.0,18199.0,15911.0,18150.0,13351.0,11382.0,11323.0
Сумська,Пестициди,Кілограм,Одиниці,,,,27229.0,25701.0,13198.0,15283.0,14556.0,10100.0,3834.0
Тернопільська,Пестициди,Кілограм,Одиниці,,,,43449.0,45110.0,32351.0,30826.0,28588.0,19573.0,12053.0
Тернопільська,Пестициди,Кілограм,Одиниці,,,,87089.0,106663.0,78395.0,74388.0,75866.0,62933.0,56278.0
Тернопільська,Пестициди,Кілограм,Одиниці,,,,14818.0,16940.0,13782.0,13175.0,14479.0,33405.0,12026.0
Харківська,Пестициди,Кілограм,Одиниці,,,,130490.0,143984.0,138392.0,151107.0,63511.0,50965.0,74385.0
Тернопільська,Пестициди,Кілограм,Одиниці,,,,9.0,165.0,1.0,49.0,1.0,256.0,132.0
Тернопільська,Пестициди,Кілограм,Одиниці,,,,57865.0,63449.0,43323.0,39574.0,41691.0,33462.0,42691.0
Тернопільська,Пестициди,Кілограм,Одиниці,,,,203230.0,232327.0,167852.0,158012.0,160625.0,149629.0,123180.0
Харківська,Пестициди,Кілограм,Одиниці,,,,312486.0,291441.0,275935.0,298583.0,144370.0,94224.0,159030.0
Херсонська,Пестициди,Кілограм,Одиниці,,,,58569.0,67639.0,86446.0,107208.0,2101.0,1061.0,10552.0
Херсонська,Пестициди,Кілограм,Одиниці,,,,20720.0,28424.0,26115.0,30830.0,1446.0,267.0,4064.0
Харківська,Пестициди,Кілограм,Одиниці,,,,774.0,15.0,18.0,67.0,32.0,7.0,88.0
Харківська,Пестициди,Кілограм,Одиниці,,,,108522.0,81363.0,84842.0,90741.0,50375.0,24859.0,52854.0
Херсонська,Пестициди,Кілограм,Одиниці,,,,56255.0,77895.0,58405.0,93753.0,4527.0,2274.0,13046.0
Харківська,Пестициди,Кілограм,Одиниці,,,,24565.0,17181.0,9781.0,16410.0,10782.0,6350.0,7804.0
Харківська,Пестициди,Кілограм,Одиниці,,,,48135.0,48898.0,42902.0,40258.0,19670.0,12043.0,23899.0
Хмельницька,Пестициди,Кілограм,Одиниці,,,,66625.0,91253.0,60630.0,44638.0,42632.0,42587.0,37724.0
Херсонська,Пестициди,Кілограм,Одиниці,,,,139810.0,178015.0,175220.0,236915.0,8610.0,3602.0,27878.0
Хмельницька,Пестициди,Кілограм,Одиниці,,,,160644.0,119434.0,103872.0,100504.0,100758.0,92025.0,94040.0
Хмельницька,Пестициди,Кілограм,Одиниці,,,,30.0,29.0,2.0,124.0,1.0,404.0,50.0
Херсонська,Пестициди,Кілограм,Одиниці,,,,2.0,6.0,11.0,32.0,1.0,,216.0
Хмельницька,Пестициди,Кілограм,Одиниці,,,,16465.0,18120.0,13066.0,15389.0,20105.0,23112.0,30837.0
Херсонська,Пестициди,Кілограм,Одиниці,,,,4264.0,4051.0,4243.0,5092.0,535.0,,0.0
Хмельницька,Пестициди,Кілограм,Одиниці,,,,53259.0,61871.0,26157.0,34639.0,36668.0,23961.0,15575.0
Черкаська,Пестициди,Кілограм,Одиниці,,,,168556.0,156978.0,137995.0,165736.0,140165.0,117857.0,106797.0
Черкаська,Пестициди,Кілограм,Одиниці,,,,38579.0,32199.0,31022.0,38664.0,31283.0,21753.0,20650.0
Черкаська,Пестициди,Кілограм,Одиниці,,,,18224.0,24195.0,10845.0,17940.0,16059.0,8018.0,6835.0
Хмельницька,Пестициди,Кілограм,Одиниці,,,,297023.0,290707.0,203727.0,195294.0,200164.0,182089.0,178226.0
Черкаська,Пестициди,Кілограм,Одиниці,,,,22122.0,19080.0,23099.0,16566.0,13771.0,13293.0,10175.0
Черкаська,Пестициди,Кілограм,Одиниці,,,,14.0,130.0,0.0,61.0,3226.0,1.0,25.0
Черкаська,Пестициди,Кілограм,Одиниці,,,,89617.0,81374.0,73029.0,92505.0,75826.0,74792.0,69112.0
Чернівецька,Пестициди,Кілограм,Одиниці,,,,11217.0,19657.0,11578.0,10072.0,9374.0,8613.0,7487.0
Чернівецька,Пестициди,Кілограм,Одиниці,,,,2481.0,1640.0,1769.0,1271.0,1746.0,1756.0,1688.0
Чернівецька,Пестициди,Кілограм,Одиниці,,,,6283.0,8390.0,4798.0,4041.0,3775.0,1585.0,1259.0
Чернівецька,Пестициди,Кілограм,Одиниці,,,,28723.0,46815.0,25960.0,26097.0,24444.0,17317.0,15712.0
Чернівецька,Пестициди,Кілограм,Одиниці,,,,,1.0,0.0,346.0,204.0,0.0,179.0
Чернівецька,Пестициди,Кілограм,Одиниці,,,,8742.0,17127.0,7815.0,10367.0,9345.0,5363.0,5099.0
Чернігівська,Пестициди,Кілограм,Одиниці,,,,87414.0,78776.0,66365.0,97480.0,60078.0,77183.0,79245.0
Україна,Органічні добрива,Кілограм,Одиниці,360.0,333.0,282.0,351.0,384.0,364.0,325.0,488.0,407.0,502.0
Чернігівська,Пестициди,Кілограм,Одиниці,,,,16100.0,13547.0,15275.0,22409.0,10771.0,13449.0,22889.0
Чернігівська,Пестициди,Кілограм,Одиниці,,,,112.0,9.0,7.0,0.0,0.0,,1.0
Чернігівська,Пестициди,Кілограм,Одиниці,,,,44939.0,39946.0,35447.0,49273.0,23283.0,42515.0,36653.0
Чернігівська,Пестициди,Кілограм,Одиниці,,,,29338.0,25884.0,12715.0,29103.0,15239.0,17866.0,20135.0
Україна,Мінеральні добрива,Кілограм,Одиниці,89.0,114.0,128.0,142.0,138.0,160.0,160.0,137.0,115.0,125.0
Чернігівська,Пестициди,Кілограм,Одиниці,,,,177903.0,158162.0,129809.0,198265.0,109371.0,151013.0,158923.0
Донецька,Мінеральні добрива,Кілограм,Одиниці,52.0,83.0,95.0,128.0,178.0,153.0,188.0,71.0,61.0,62.0
Волинська,Мінеральні добрива,Кілограм,Одиниці,155.0,186.0,200.0,301.0,226.0,275.0,358.0,300.0,227.0,195.0
Вінницька,Органічні добрива,Кілограм,Одиниці,119.0,74.0,96.0,541.0,279.0,285.0,285.0,296.0,201.0,133.0
Дніпропетровська,Органічні добрива,Кілограм,Одиниці,355.0,348.0,316.0,274.0,276.0,220.0,278.0,220.0,450.0,300.0
Волинська,Органічні добрива,Кілограм,Одиниці,631.0,526.0,208.0,715.0,971.0,560.0,756.0,430.0,503.0,813.0
Дніпропетровська,Мінеральні добрива,Кілограм,Одиниці,68.0,94.0,104.0,119.0,119.0,152.0,157.0,132.0,86.0,114.0
Вінницька,Мінеральні добрива,Кілограм,Одиниці,121.0,136.0,160.0,166.0,165.0,205.0,163.0,220.0,184.0,178.0
Житомирська,Органічні добрива,Кілограм,Одиниці,235.0,574.0,261.0,312.0,368.0,411.0,247.0,318.0,368.0,409.0
Запорізька,Органічні добрива,Кілограм,Одиниці,143.0,187.0,87.0,59.0,77.0,87.0,206.0,54.0,77.0,156.0
Івано-Франківська,Мінеральні добрива,Кілограм,Одиниці,123.0,149.0,159.0,174.0,182.0,223.0,240.0,196.0,166.0,211.0
Житомирська,Мінеральні добрива,Кілограм,Одиниці,100.0,112.0,126.0,126.0,135.0,159.0,169.0,139.0,90.0,104.0
Закарпатська,Органічні добрива,Кілограм,Одиниці,431.0,38.0,105.0,14.0,26.0,,,,,
Закарпатська,Мінеральні добрива,Кілограм,Одиниці,132.0,147.0,138.0,139.0,220.0,254.0,355.0,223.0,53.0,82.0
Донецька,Органічні добрива,Кілограм,Одиниці,525.0,196.0,228.0,52.0,1412.0,1119.0,876.0,4312.0,,
Запорізька,Мінеральні добрива,Кілограм,Одиниці,62.0,90.0,115.0,132.0,115.0,126.0,139.0,108.0,64.0,115.0
Івано-Франківська,Органічні добрива,Кілограм,Одиниці,3889.0,2552.0,2494.0,4602.0,5073.0,2546.0,5137.0,4758.0,6822.0,4114.0
Київська,Мінеральні добрива,Кілограм,Одиниці,96.0,122.0,138.0,135.0,139.0,145.0,165.0,121.0,125.0,98.0
Кіровоградська,Мінеральні добрива,Кілограм,Одиниці,87.0,98.0,110.0,137.0,122.0,186.0,161.0,110.0,103.0,112.0
Луганська,Мінеральні добрива,Кілограм,Одиниці,63.0,86.0,97.0,133.0,147.0,147.0,163.0,70.0,,
Кіровоградська,Органічні добрива,Кілограм,Одиниці,39.0,23.0,79.0,84.0,86.0,180.0,153.0,30.0,39.0,65.0
Київська,Органічні добрива,Кілограм,Одиниці,1110.0,984.0,1053.0,1348.0,1395.0,1808.0,1268.0,1110.0,1430.0,1318.0
Луганська,Органічні добрива,Кілограм,Одиниці,332.0,268.0,107.0,178.0,127.0,148.0,103.0,,,
Миколаївська,Мінеральні добрива,Кілограм,Одиниці,70.0,88.0,109.0,124.0,120.0,150.0,196.0,128.0,81.0,112.0
Полтавська,Мінеральні добрива,Кілограм,Одиниці,90.0,110.0,120.0,124.0,110.0,132.0,134.0,98.0,79.0,87.0
Одеська,Органічні добрива,Кілограм,Одиниці,28.0,63.0,50.0,69.0,39.0,23.0,133.0,33.0,38.0,58.0
Одеська,Мінеральні добрива,Кілограм,Одиниці,77.0,109.0,138.0,155.0,138.0,154.0,118.0,92.0,64.0,97.0
Миколаївська,Органічні добрива,Кілограм,Одиниці,36.0,129.0,45.0,131.0,66.0,33.0,61.0,133.0,64.0,67.0
Львівська,Органічні добрива,Кілограм,Одиниці,112.0,188.0,147.0,775.0,77.0,248.0,174.0,82.0,239.0,397.0
Львівська,Мінеральні добрива,Кілограм,Одиниці,166.0,180.0,177.0,242.0,132.0,215.0,214.0,209.0,185.0,184.0
Сумська,Мінеральні добрива,Кілограм,Одиниці,123.0,141.0,140.0,148.0,157.0,173.0,150.0,170.0,153.0,140.0
Тернопільська,Мінеральні добрива,Кілограм,Одиниці,141.0,165.0,198.0,193.0,221.0,230.0,222.0,230.0,242.0,237.0
Полтавська,Органічні добрива,Кілограм,Одиниці,1150.0,971.0,1260.0,1171.0,835.0,1127.0,690.0,710.0,640.0,988.0
Тернопільська,Органічні добрива,Кілограм,Одиниці,511.0,230.0,170.0,132.0,165.0,101.0,257.0,788.0,1003.0,640.0
Рівненська,Мінеральні добрива,Кілограм,Одиниці,155.0,179.0,188.0,214.0,222.0,261.0,201.0,138.0,162.0,179.0
Рівненська,Органічні добрива,Кілограм,Одиниці,342.0,1094.0,603.0,519.0,524.0,1082.0,790.0,528.0,456.0,1056.0
Сумська,Органічні добрива,Кілограм,Одиниці,160.0,175.0,205.0,438.0,588.0,625.0,401.0,419.0,202.0,320.0
Херсонська,Органічні добрива,Кілограм,Одиниці,34.0,41.0,43.0,86.0,181.0,69.0,65.0,,,
Херсонська,Мінеральні добрива,Кілограм,Одиниці,36.0,58.0,76.0,86.0,89.0,135.0,111.0,65.0,38.0,65.0
Харківська,Органічні добрива,Кілограм,Одиниці,553.0,513.0,344.0,270.0,235.0,175.0,136.0,176.0,398.0,187.0
Харківська,Мінеральні добрива,Кілограм,Одиниці,99.0,124.0,142.0,130.0,121.0,138.0,142.0,92.0,78.0,95.0
Черкаська,Мінеральні добрива,Кілограм,Одиниці,107.0,121.0,135.0,147.0,143.0,145.0,147.0,181.0,116.0,128.0
Хмельницька,Мінеральні добрива,Кілограм,Одиниці,149.0,147.0,165.0,174.0,154.0,172.0,167.0,164.0,153.0,163.0
Хмельницька,Органічні добрива,Кілограм,Одиниці,417.0,605.0,466.0,654.0,488.0,359.0,529.0,526.0,684.0,668.0
Чернівецька,Органічні добрива,Кілограм,Одиниці,333.0,390.0,573.0,255.0,210.0,,33.0,197.0,235.0,427.0
Україна,Органічні добрива,Кілограм,Одиниці,,,,10175.0,11494.0,7908.0,6513.0,12487.0,10264.0,10879.0
Україна,Мінеральні добрива,Кілограм,Одиниці,,,,149.0,144.0,165.0,167.0,149.0,124.0,132.0
Чернігівська,Органічні добрива,Кілограм,Одиниці,444.0,263.0,221.0,216.0,391.0,495.0,202.0,329.0,301.0,362.0
Чернігівська,Мінеральні добрива,Кілограм,Одиниці,100.0,135.0,154.0,159.0,165.0,188.0,205.0,134.0,135.0,145.0
Черкаська,Органічні добрива,Кілограм,Одиниці,457.0,512.0,612.0,591.0,418.0,493.0,306.0,565.0,613.0,497.0
Чернівецька,Мінеральні добрива,Кілограм,Одиниці,118.0,107.0,131.0,107.0,94.0,153.0,158.0,126.0,131.0,193.0
Вінницька,Мінеральні добрива,Кілограм,Одиниці,,,,171.0,170.0,209.0,173.0,224.0,193.0,180.0
Вінницька,Органічні добрива,Кілограм,Одиниці,,,,21880.0,12622.0,14779.0,9216.0,14727.0,12519.0,5867.0
Волинська,Мінеральні добрива,Кілограм,Одиниці,,,,306.0,230.0,281.0,361.0,307.0,230.0,198.0
Дніпропетровська,Мінеральні добрива,Кілограм,Одиниці,,,,126.0,125.0,157.0,159.0,142.0,90.0,119.0
Дніпропетровська,Органічні добрива,Кілограм,Одиниці,,,,5721.0,4563.0,2885.0,4708.0,4355.0,8962.0,4732.0
Донецька,Мінеральні добрива,Кілограм,Одиниці,,,,133.0,184.0,161.0,194.0,97.0,73.0,76.0
Волинська,Органічні добрива,Кілограм,Одиниці,,,,18389.0,13324.0,5406.0,8154.0,3664.0,6641.0,12214.0
Житомирська,Органічні добрива,Кілограм,Одиниці,,,,5489.0,5636.0,6729.0,3980.0,5995.0,4912.0,5439.0
Закарпатська,Мінеральні добрива,Кілограм,Одиниці,,,,153.0,242.0,264.0,357.0,233.0,66.0,94.0
Запорізька,Органічні добрива,Кілограм,Одиниці,,,,10211.0,15261.0,1565.0,2533.0,3433.0,902.0,2074.0
Житомирська,Мінеральні добрива,Кілограм,Одиниці,,,,136.0,147.0,175.0,182.0,160.0,101.0,117.0
Закарпатська,Органічні добрива,Кілограм,Одиниці,,,,159.0,1750.0,,,,,
Запорізька,Мінеральні добрива,Кілограм,Одиниці,,,,136.0,120.0,129.0,142.0,119.0,68.0,120.0
Донецька,Органічні добрива,Кілограм,Одиниці,,,,2429.0,80562.0,49009.0,39751.0,228527.0,,
Київська,Мінеральні добрива,Кілограм,Одиниці,,,,141.0,144.0,150.0,169.0,128.0,137.0,104.0
Луганська,Мінеральні добрива,Кілограм,Одиниці,,,,137.0,150.0,150.0,164.0,89.0,,
Івано-Франківська,Органічні добрива,Кілограм,Одиниці,,,,41741.0,31942.0,31560.0,27421.0,21692.0,32453.0,42466.0
Кіровоградська,Мінеральні добрива,Кілограм,Одиниці,,,,143.0,126.0,191.0,169.0,116.0,109.0,116.0
Київська,Органічні добрива,Кілограм,Одиниці,,,,20275.0,24964.0,16411.0,14111.0,16284.0,19258.0,16302.0
Івано-Франківська,Мінеральні добрива,Кілограм,Одиниці,,,,180.0,186.0,233.0,247.0,199.0,166.0,212.0
Кіровоградська,Органічні добрива,Кілограм,Одиниці,,,,42743.0,24456.0,28678.0,25481.0,9153.0,2218.0,10863.0
Миколаївська,Мінеральні добрива,Кілограм,Одиниці,,,,129.0,126.0,155.0,206.0,145.0,89.0,119.0
Одеська,Органічні добрива,Кілограм,Одиниці,,,,1919.0,1135.0,568.0,3261.0,1306.0,2276.0,1310.0
Миколаївська,Органічні добрива,Кілограм,Одиниці,,,,4027.0,3518.0,1661.0,1863.0,13311.0,2214.0,2739.0
Луганська,Органічні добрива,Кілограм,Одиниці,,,,4901.0,3989.0,2835.0,3487.0,,,
Одеська,Мінеральні добрива,Кілограм,Одиниці,,,,161.0,146.0,147.0,126.0,103.0,74.0,104.0
Львівська,Органічні добрива,Кілограм,Одиниці,,,,8811.0,1739.0,7863.0,3634.0,1399.0,2638.0,2289.0
Львівська,Мінеральні добрива,Кілограм,Одиниці,,,,245.0,137.0,219.0,221.0,213.0,192.0,191.0
Полтавська,Мінеральні добрива,Кілограм,Одиниці,,,,131.0,115.0,138.0,137.0,104.0,85.0,92.0
Сумська,Мінеральні добрива,Кілограм,Одиниці,,,,149.0,158.0,175.0,150.0,176.0,158.0,142.0
Рівненська,Мінеральні добрива,Кілограм,Одиниці,,,,220.0,231.0,272.0,205.0,141.0,170.0,184.0
Сумська,Органічні добрива,Кілограм,Одиниці,,,,16878.0,17014.0,10772.0,14713.0,15599.0,11131.0,15330.0
Рівненська,Органічні добрива,Кілограм,Одиниці,,,,3503.0,6415.0,8638.0,5359.0,6761.0,3584.0,5776.0
Полтавська,Органічні добрива,Кілограм,Одиниці,,,,13862.0,11400.0,19268.0,12446.0,14747.0,14843.0,24696.0
Тернопільська,Мінеральні добрива,Кілограм,Одиниці,,,,213.0,223.0,236.0,232.0,242.0,275.0,249.0
Херсонська,Органічні добрива,Кілограм,Одиниці,,,,1896.0,7793.0,2331.0,563.0,,,
Херсонська,Мінеральні добрива,Кілограм,Одиниці,,,,99.0,102.0,150.0,123.0,96.0,39.0,77.0
Хмельницька,Органічні добрива,Кілограм,Одиниці,,,,19746.0,18521.0,9853.0,11981.0,6644.0,23604.0,8029.0
Хмельницька,Мінеральні добрива,Кілограм,Одиниці,,,,180.0,157.0,175.0,172.0,168.0,156.0,169.0
Харківська,Органічні добрива,Кілограм,Одиниці,,,,18917.0,5488.0,3497.0,5866.0,9843.0,20245.0,14085.0
Тернопільська,Органічні добрива,Кілограм,Одиниці,,,,5853.0,10444.0,3689.0,8903.0,34080.0,26356.0,10572.0
Харківська,Мінеральні добрива,Кілограм,Одиниці,,,,136.0,124.0,144.0,150.0,113.0,88.0,106.0
Чернігівська,Органічні добрива,Кілограм,Одиниці,,,,11373.0,25469.0,18515.0,11196.0,30582.0,22123.0,25306.0
Чернігівська,Мінеральні добрива,Кілограм,Одиниці,,,,164.0,170.0,193.0,209.0,141.0,139.0,148.0
Чернівецька,Мінеральні добрива,Кілограм,Одиниці,,,,129.0,99.0,162.0,169.0,133.0,140.0,214.0
Черкаська,Мінеральні добрива,Кілограм,Одиниці,,,,150.0,148.0,146.0,153.0,189.0,120.0,130.0
Чернівецька,Органічні добрива,Кілограм,Одиниці,,,,8766.0,16765.0,,1671.0,3826.0,5465.0,4625.0
Черкаська,Органічні добрива,Кілограм,Одиниці,,,,11819.0,6937.0,7057.0,3382.0,4691.0,5975.0,8112.0
Україна,Пестициди,Кілограм,Одиниці,,,,0.863,0.852,0.803,0.862,0.73,0.821,0.792
Житомирська,Пестициди,Кілограм,Одиниці,,,,1.204,1.235,1.239,1.091,0.763,0.925,0.886
Вінницька,Пестициди,Кілограм,Одиниці,,,,1.141,1.236,1.22,1.11,0.976,0.938,0.852
Волинська,Пестициди,Кілограм,Одиниці,,,,1.661,1.824,1.735,1.998,1.652,1.595,1.431
Дніпропетровська,Пестициди,Кілограм,Одиниці,,,,0.611,0.63,0.668,0.737,0.554,0.623,0.741
Донецька,Пестициди,Кілограм,Одиниці,,,,0.625,0.592,0.548,0.704,0.316,0.578,0.35
Запорізька,Пестициди,Кілограм,Одиниці,,,,0.527,0.548,0.561,0.772,0.46,0.423,0.395
Закарпатська,Пестициди,Кілограм,Одиниці,,,,0.692,0.773,0.996,1.295,1.142,0.789,0.351
Івано-Франківська,Пестициди,Кілограм,Одиниці,,,,1.763,2.113,1.6,2.29,1.514,1.643,1.654
Луганська,Пестициди,Кілограм,Одиниці,,,,0.585,0.518,0.599,0.597,0.142,,
Львівська,Пестициди,Кілограм,Одиниці,,,,1.872,1.639,1.616,1.421,1.014,1.196,1.184
Кіровоградська,Пестициди,Кілограм,Одиниці,,,,0.886,0.829,0.812,0.781,0.697,0.838,0.696
Київська,Пестициди,Кілограм,Одиниці,,,,1.177,1.234,1.165,1.298,0.793,0.961,0.913
Полтавська,Пестициди,Кілограм,Одиниці,,,,0.704,0.708,0.709,0.754,0.689,0.8,0.703
Сумська,Пестициди,Кілограм,Одиниці,,,,1.046,1.038,0.952,0.962,0.795,0.815,0.755
Миколаївська,Пестициди,Кілограм,Одиниці,,,,0.611,0.597,0.532,0.573,0.499,0.491,0.565
Рівненська,Пестициди,Кілограм,Одиниці,,,,1.551,1.554,1.473,1.757,1.518,1.353,1.211
Херсонська,Пестициди,Кілограм,Одиниці,,,,0.513,0.64,0.581,0.78,0.225,0.525,0.736
Харківська,Пестициди,Кілограм,Одиниці,,,,0.747,0.689,0.663,0.646,0.54,0.661,0.605
Одеська,Пестициди,Кілограм,Одиниці,,,,0.64,0.528,0.507,0.632,0.473,0.525,0.659
Тернопільська,Пестициди,Кілограм,Одиниці,,,,1.577,1.554,1.225,1.3,1.157,1.353,1.195
Чернівецька,Пестициди,Кілограм,Одиниці,,,,1.117,1.429,1.067,1.292,1.117,1.08,0.994
Чернігівська,Пестициди,Кілограм,Одиниці,,,,1.094,1.038,1.018,1.31,0.811,1.041,1.051
Черкаська,Пестициди,Кілограм,Одиниці,,,,1.143,1.129,1.106,1.033,0.905,0.891,0.941
Хмельницька,Пестициди,Кілограм,Одиниці,,,,1.609,1.414,1.086,1.141,1.116,1.118,1.04
Україна,Пестициди,Кілограм,Одиниці,,,,0.939,0.929,0.862,0.928,0.822,0.882,0.845
Вінницька,Пестициди,Кілограм,Одиниці,,,,1.202,1.327,1.288,1.223,1.026,0.981,0.87
Волинська,Пестициди,Кілограм,Одиниці,,,,1.72,1.947,1.791,2.036,1.695,1.621,1.477
Донецька,Пестициди,Кілограм,Одиниці,,,,0.695,0.635,0.61,0.759,0.491,0.655,0.433
Закарпатська,Пестициди,Кілограм,Одиниці,,,,0.881,0.887,1.085,1.347,1.483,0.795,0.377
Запорізька,Пестициди,Кілограм,Одиниці,,,,0.564,0.584,0.589,0.807,0.53,0.445,0.413
Кіровоградська,Пестициди,Кілограм,Одиниці,,,,0.954,0.883,0.865,0.852,0.77,0.89,0.733
Івано-Франківська,Пестициди,Кілограм,Одиниці,,,,1.804,2.178,1.661,2.378,1.549,1.652,1.654
Дніпропетровська,Пестициди,Кілограм,Одиниці,,,,0.679,0.7,0.72,0.783,0.615,0.657,0.779
Житомирська,Пестициди,Кілограм,Одиниці,,,,1.372,1.414,1.44,1.208,0.919,1.026,1.007
Київська,Пестициди,Кілограм,Одиниці,,,,1.242,1.328,1.245,1.365,0.85,1.023,0.97
Сумська,Пестициди,Кілограм,Одиниці,,,,1.079,1.083,0.987,0.991,0.843,0.832,0.774
Рівненська,Пестициди,Кілограм,Одиниці,,,,1.657,1.657,1.543,1.815,1.571,1.393,1.263
Полтавська,Пестициди,Кілограм,Одиниці,,,,0.769,0.775,0.756,0.791,0.741,0.853,0.746
Луганська,Пестициди,Кілограм,Одиниці,,,,0.625,0.548,0.631,0.615,0.188,,
Миколаївська,Пестициди,Кілограм,Одиниці,,,,0.669,0.677,0.574,0.649,0.58,0.547,0.61
Одеська,Пестициди,Кілограм,Одиниці,,,,0.726,0.62,0.541,0.708,0.555,0.612,0.736
Львівська,Пестициди,Кілограм,Одиниці,,,,1.939,1.711,1.674,1.488,1.038,1.216,1.251
Чернівецька,Пестициди,Кілограм,Одиниці,,,,1.228,1.574,1.145,1.415,1.184,1.125,1.039
Тернопільська,Пестициди,Кілограм,Одиниці,,,,1.702,1.615,1.381,1.385,1.219,1.547,1.257
Чернігівська,Пестициди,Кілограм,Одиниці,,,,1.199,1.122,1.081,1.379,0.892,1.083,1.098
Хмельницька,Пестициди,Кілограм,Одиниці,,,,1.659,1.493,1.132,1.199,1.16,1.141,1.053
Харківська,Пестициди,Кілограм,Одиниці,,,,0.785,0.733,0.71,0.709,0.686,0.728,0.666
Херсонська,Пестициди,Кілограм,Одиниці,,,,0.643,0.766,0.664,0.876,0.543,0.551,0.906
Черкаська,Пестициди,Кілограм,Одиниці,,,,1.223,1.191,1.149,1.084,0.957,0.915,0.971
Україна,Органічні добрива,Кілограм,Одиниці,99600.0,99700.0,89700.0,162300.0,161100.0,208900.0,245500.0,141100.0,112000.0,138600.0
Вінницька,Мінеральні добрива,Кілограм,Одиниці,301600.0,322200.0,271400.0,236500.0,237700.0,224300.0,209700.0,221900.0,202800.0,217000.0
Україна,Мінеральні добрива,Кілограм,Одиниці,4628400.0,4413800.0,4504800.0,4492700.0,4618100.0,4409500.0,4724600.0,3318300.0,2623800.0,2844800.0
Волинська,Мінеральні добрива,Кілограм,Одиниці,59900.0,70800.0,68800.0,70600.0,72500.0,72500.0,70500.0,69500.0,57100.0,52600.0
Дніпропетровська,Органічні добрива,Кілограм,Одиниці,4900.0,4700.0,8400.0,18800.0,24100.0,28300.0,24200.0,19500.0,14100.0,17700.0
Волинська,Органічні добрива,Кілограм,Одиниці,1400.0,2400.0,1900.0,2800.0,5400.0,7700.0,6600.0,8400.0,4400.0,3500.0
Донецька,Органічні добрива,Кілограм,Одиниці,5600.0,1900.0,1700.0,5700.0,5000.0,6300.0,6700.0,2400.0,,
Дніпропетровська,Мінеральні добрива,Кілограм,Одиниці,391500.0,312100.0,366500.0,371300.0,381100.0,359500.0,404000.0,360300.0,267500.0,268600.0
Вінницька,Органічні добрива,Кілограм,Одиниці,5600.0,3400.0,2200.0,6000.0,5400.0,4400.0,6900.0,4500.0,3400.0,5000.0
Донецька,Мінеральні добрива,Кілограм,Одиниці,234600.0,247600.0,239600.0,258200.0,277800.0,264600.0,294200.0,93300.0,42700.0,56900.0
Житомирська,Органічні добрива,Кілограм,Одиниці,3100.0,3800.0,2400.0,6400.0,7100.0,6800.0,6600.0,5900.0,6000.0,5400.0
Житомирська,Мінеральні добрива,Кілограм,Одиниці,84400.0,87000.0,93600.0,103600.0,99000.0,101000.0,99000.0,97100.0,71600.0,63700.0
Івано-Франківська,Мінеральні добрива,Кілограм,Одиниці,44100.0,34400.0,30800.0,43100.0,32299.999999999996,33400.0,20100.0,26600.0,19700.0,23000.0
Закарпатська,Органічні добрива,Кілограм,Одиниці,100.0,0.0,300.0,300.0,100.0,,,,,
Запорізька,Органічні добрива,Кілограм,Одиниці,2800.0,1800.0,1600.0,2500.0,2300.0,24400.0,37900.0,1600.0,5600.0,5300.0
Запорізька,Мінеральні добрива,Кілограм,Одиниці,406300.0,362000.0,429100.0,425700.0,432300.0,429800.0,455700.0,94100.0,61400.0,66800.0
Закарпатська,Мінеральні добрива,Кілограм,Одиниці,4900.0,4900.0,3700.0,3600.0,3700.0,3200.0,2200.0,3100.0,1200.0,1800.0
Київська,Органічні добрива,Кілограм,Одиниці,10700.0,12200.0,12900.0,9700.0,8100.0,14600.0,13900.0,10700.0,9500.0,10800.0
Івано-Франківська,Органічні добрива,Кілограм,Одиниці,5300.0,3400.0,3100.0,4900.0,5300.0,2800.0,3900.0,5900.0,4100.0,2200.0
Київська,Мінеральні добрива,Кілограм,Одиниці,156900.0,164800.0,161200.0,139900.0,139600.0,127400.0,150200.0,147700.0,117400.0,125800.0
Кіровоградська,Органічні добрива,Кілограм,Одиниці,400.0,300.0,700.0,400.0,900.0,1400.0,1700.0,900.0,3800.0,1100.0
Луганська,Органічні добрива,Кілограм,Одиниці,5800.0,3500.0,3500.0,8300.0,7100.0,11600.0,6600.0,,,
Луганська,Мінеральні добрива,Кілограм,Одиниці,173700.0,180600.0,201000.0,220600.0,220000.0,215600.0,222300.0,5400.0,,
Кіровоградська,Мінеральні добрива,Кілограм,Одиниці,234400.0,204700.0,202800.0,215700.0,235700.0,222700.0,271100.0,258200.0,207000.0,185600.0
Львівська,Органічні добрива,Кілограм,Одиниці,1300.0,1500.0,1500.0,7600.0,4200.0,2800.0,3700.0,4900.0,6100.0,11500.0
Львівська,Мінеральні добрива,Кілограм,Одиниці,90300.0,88700.0,78700.0,86000.0,92600.0,86000.0,74600.0,81200.0,64599.99999999999,63800.0
Миколаївська,Мінеральні добрива,Кілограм,Одиниці,264900.0,239400.0,291300.0,298700.0,305100.0,297600.0,326500.0,238000.0,212700.0,220500.0
Одеська,Мінеральні добрива,Кілограм,Одиниці,373200.0,379200.0,403300.0,411800.0,409500.0,369400.0,421200.0,388800.0,330000.0,378300.0
Миколаївська,Органічні добрива,Кілограм,Одиниці,900.0,3300.0,4800.0,10100.0,6000.0,6200.0,11300.0,2700.0,6800.0,5700.0
Одеська,Органічні добрива,Кілограм,Одиниці,1500.0,2400.0,5700.0,15300.0,14800.0,14300.0,18400.0,10900.0,6300.0,18100.0
Сумська,Органічні добрива,Кілограм,Одиниці,1200.0,1200.0,1700.0,4000.0,5200.0,8300.0,4300.0,4100.0,2300.0,2600.0
Рівненська,Мінеральні добрива,Кілограм,Одиниці,46300.0,46300.0,44800.0,45100.0,52700.0,49100.0,53800.0,51300.0,34200.0,28500.0
Тернопільська,Мінеральні добрива,Кілограм,Одиниці,131800.0,152100.0,130699.99999999999,116500.0,148100.0,133800.0,116200.0,132000.0,97500.0,98300.0
Рівненська,Органічні добрива,Кілограм,Одиниці,2700.0,4900.0,4200.0,6900.0,4500.0,6400.0,8100.0,4100.0,4500.0,5400.0
Полтавська,Мінеральні добрива,Кілограм,Одиниці,217900.0,191600.0,178100.0,157600.0,159100.0,153100.0,178100.0,186000.0,137500.0,162700.0
Сумська,Мінеральні добрива,Кілограм,Одиниці,215000.0,192800.0,174300.0,151400.0,150300.0,141300.0,156400.0,149000.0,120200.0,122000.0
Полтавська,Органічні добрива,Кілограм,Одиниці,14400.0,12400.0,11400.0,14000.0,12200.0,9300.0,10100.0,9500.0,6400.0,6900.0
Харківська,Мінеральні добрива,Кілограм,Одиниці,426600.0,351400.0,370800.0,400500.0,412800.0,399100.0,437400.0,217000.0,127200.0,236600.0
Херсонська,Мінеральні добрива,Кілограм,Одиниці,211300.0,195000.0,245500.0,235800.0,241900.0,270400.0,274400.0,26000.0,6600.0,32299.999999999996
Херсонська,Органічні добрива,Кілограм,Одиниці,1200.0,1200.0,2900.0,12400.0,6400.0,8900.0,35300.0,,,
Хмельницька,Органічні добрива,Кілограм,Одиниці,11200.0,14300.0,6000.0,6100.0,5400.0,6800.0,7500.0,14200.0,4700.0,14300.0
Хмельницька,Мінеральні добрива,Кілограм,Одиниці,171900.0,200200.0,179700.0,178300.0,200800.0,184500.0,166000.0,175000.0,160200.0,165600.0
Харківська,Органічні добрива,Кілограм,Одиниці,8000.0,7500.0,4000.0,6000.0,18100.0,20900.0,10700.0,4800.0,2800.0,3500.0
Тернопільська,Органічні добрива,Кілограм,Одиниці,3700.0,3800.0,2000.0,2900.0,2400.0,3800.0,3500.0,3200.0,4200.0,6200.0
Черкаська,Органічні добрива,Кілограм,Одиниці,4800.0,5700.0,4500.0,7400.0,8400.0,8700.0,14500.0,18700.0,13600.0,7000.0
Чернігівська,Мінеральні добрива,Кілограм,Одиниці,164000.0,170600.0,166800.0,156900.0,147900.0,124700.0,148100.0,127400.0,141700.0,148100.0
Чернігівська,Органічні добрива,Кілограм,Одиниці,2600.0,3700.0,1700.0,3100.0,2300.0,3400.0,2700.0,1400.0,2000.0,2200.0
Чернівецька,Органічні добрива,Кілограм,Одиниці,400.0,400.0,600.0,700.0,400.0,,400.0,1100.0,700.0,1500.0
Чернівецька,Мінеральні добрива,Кілограм,Одиниці,25800.0,31000.0,24400.0,21500.0,31100.0,23100.0,18900.0,20700.0,15100.0,14300.0
Україна,Пестициди,Кілограм,Одиниці,,,,4318300.0,4416000.0,4233700.0,4571100.0,3207400.0,2631400.0,2815000.0
Черкаська,Мінеральні добрива,Кілограм,Одиниці,197100.0,184400.0,147900.0,143800.0,134500.0,123400.0,154000.0,148700.0,127900.0,112000.0
Вінницька,Пестициди,Кілограм,Одиниці,,,,230900.0,228300.0,216300.0,201900.0,215000.0,203600.0,214400.0
Дніпропетровська,Пестициди,Кілограм,Одиниці,,,,354000.0,359600.0,344200.0,385700.0,348000.0,265500.0,265300.0
Волинська,Пестициди,Кілограм,Одиниці,,,,69300.0,69100.0,71800.0,69700.0,69400.0,57100.0,51600.0
Донецька,Пестициди,Кілограм,Одиниці,,,,239800.0,268000.0,249800.0,282200.0,82100.0,45300.0,56400.0
Закарпатська,Пестициди,Кілограм,Одиниці,,,,3100.0,3600.0,3100.0,2200.0,2500.0,1500.0,1900.0
Житомирська,Пестициди,Кілограм,Одиниці,,,,98600.0,94500.0,95400.0,96100.0,92600.0,72000.0,63400.0
Івано-Франківська,Пестициди,Кілограм,Одиниці,,,,43500.0,32100.0,33600.0,19900.0,26400.0,19600.0,23100.0
Львівська,Пестициди,Кілограм,Одиниці,,,,84000.0,92000.0,84900.0,73400.0,81000.0,66000.0,62800.0
Миколаївська,Пестициди,Кілограм,Одиниці,,,,283000.0,284400.0,284500.0,303800.0,232300.0,209500.0,217000.0
Кіровоградська,Пестициди,Кілограм,Одиниці,,,,209000.0,227700.0,215100.0,259800.0,245300.0,206700.0,183400.0
Запорізька,Пестициди,Кілограм,Одиниці,,,,408500.0,422400.0,418800.0,445700.0,90100.0,62100.0,67100.0
Київська,Пестициди,Кілограм,Одиниці,,,,138000.0,134800.0,123900.0,146700.0,146800.0,120800.0,125900.0
Луганська,Пестициди,Кілограм,Одиниці,,,,213500.0,212300.0,209100.0,216900.0,5200.0,,
Сумська,Пестициди,Кілограм,Одиниці,,,,147600.0,145400.0,137600.0,152200.0,145100.0,121600.0,121300.0
Херсонська,Пестициди,Кілограм,Одиниці,,,,217300.0,232300.0,263700.0,270500.0,15900.0,6500.0,30800.0
Тернопільська,Пестициди,Кілограм,Одиниці,,,,119400.0,143900.0,121600.0,114100.0,131800.0,96700.0,98000.0
Рівненська,Пестициди,Кілограм,Одиниці,,,,43500.0,51200.0,48800.0,53000.0,50900.0,34700.0,28200.0
Харківська,Пестициди,Кілограм,Одиниці,,,,398300.0,397400.0,388400.0,421300.0,210500.0,129500.0,238900.0
Полтавська,Пестициди,Кілограм,Одиниці,,,,152200.0,152300.0,149700.0,173800.0,183800.0,139700.0,162800.0
Одеська,Пестициди,Кілограм,Одиниці,,,,376100.0,367500.0,330600.0,404300.0,370500.0,329700.0,363700.0
Україна,Органічні добрива,Кілограм,Одиниці,1.9,2.1,1.9,3.5,3.3,4.6,5.0,3.9,4.0,4.6
Україна,Мінеральні добрива,Кілограм,Одиниці,89.4,94.4,95.6,95.6,95.9,97.1,96.0,91.9,92.8,94.7
Черкаська,Пестициди,Кілограм,Одиниці,,,,137900.0,131800.0,120100.0,152900.0,146500.0,128900.0,109900.0
Чернігівська,Пестициди,Кілограм,Одиниці,,,,148400.0,141000.0,120100.0,143800.0,122600.0,139400.0,144700.0
Чернівецька,Пестициди,Кілограм,Одиниці,,,,23400.0,29700.0,22700.0,18400.0,20600.0,15400.0,15100.0
Хмельницька,Пестициди,Кілограм,Одиниці,,,,179000.0,194700.0,179900.0,162800.0,172500.0,159600.0,169300.0
Волинська,Органічні добрива,Кілограм,Одиниці,2.3,3.1,2.6,3.9,7.3,10.4,9.3,11.7,7.6,6.7
Волинська,Мінеральні добрива,Кілограм,Одиниці,95.0,91.6,93.4,98.4,98.3,97.9,99.2,97.5,98.4,98.7
Вінницька,Мінеральні добрива,Кілограм,Одиниці,95.4,97.0,97.7,97.3,96.9,98.2,94.3,98.1,95.2,99.1
Донецька,Мінеральні добрива,Кілограм,Одиниці,86.4,95.5,95.2,97.0,96.7,95.2,96.8,73.2,83.2,81.7
Дніпропетровська,Мінеральні добрива,Кілограм,Одиниці,88.8,95.9,95.5,94.5,95.5,96.9,98.6,93.2,95.7,96.4
Вінницька,Органічні добрива,Кілограм,Одиниці,1.8,1.0,0.8,2.5,2.2,1.9,3.1,2.0,1.6,2.3
Донецька,Органічні добрива,Кілограм,Одиниці,2.1,0.7,0.7,2.1,1.8,2.3,2.2,1.9,,
Дніпропетровська,Органічні добрива,Кілограм,Одиниці,1.1,1.4,2.2,4.8,6.1,7.6,5.9,5.1,5.0,6.3
Закарпатська,Органічні добрива,Кілограм,Одиниці,0.9,0.2,6.9,8.7,1.5,,,,,
Запорізька,Органічні добрива,Кілограм,Одиниці,0.6,0.5,0.4,0.6,0.5,5.6,8.1,1.6,8.5,7.5
Закарпатська,Мінеральні добрива,Кілограм,Одиниці,83.3,93.9,96.5,90.9,90.7,96.0,99.3,95.4,79.4,87.4
Житомирська,Мінеральні добрива,Кілограм,Одиниці,85.9,87.8,90.5,92.2,91.6,91.1,93.1,87.1,89.6,88.5
Івано-Франківська,Мінеральні добрива,Кілограм,Одиниці,96.1,93.6,98.0,96.8,97.7,95.7,97.1,98.5,99.9,99.7
Житомирська,Органічні добрива,Кілограм,Одиниці,3.2,3.9,2.3,5.7,6.5,6.1,6.2,5.3,7.5,7.5
Запорізька,Мінеральні добрива,Кілограм,Одиниці,87.4,93.9,96.1,97.3,96.2,97.7,97.8,90.6,93.8,95.3
Луганська,Мінеральні добрива,Кілограм,Одиниці,84.2,94.8,95.6,96.8,97.9,97.7,99.6,78.5,,
Кіровоградська,Органічні добрива,Кілограм,Одиниці,0.1,0.1,0.3,0.2,0.4,0.6,0.6,0.3,1.8,0.6
Луганська,Органічні добрива,Кілограм,Одиниці,2.8,1.8,1.6,3.6,3.2,5.2,3.0,,,
Київська,Мінеральні добрива,Кілограм,Одиниці,93.6,96.6,96.7,96.1,96.2,96.2,97.3,93.8,91.4,94.0
Львівська,Мінеральні добрива,Кілограм,Одиниці,88.2,93.7,95.6,98.9,96.4,97.8,97.1,98.0,96.2,96.3
Кіровоградська,Мінеральні добрива,Кілограм,Одиниці,93.2,94.6,95.9,95.8,97.2,97.2,95.7,95.2,94.3,96.1
Київська,Органічні добрива,Кілограм,Одиниці,6.4,7.2,7.8,6.6,5.6,11.0,9.0,6.8,7.4,8.1
Івано-Франківська,Органічні добрива,Кілограм,Одиниці,11.6,9.3,10.0,11.0,15.9,8.1,18.7,21.9,21.0,9.7
Львівська,Органічні добрива,Кілограм,Одиниці,1.3,1.5,1.8,8.8,4.4,3.2,4.8,5.9,9.1,17.3
Одеська,Мінеральні добрива,Кілограм,Одиниці,85.2,93.0,95.8,96.5,94.9,100.0,93.1,89.5,85.9,93.1
Миколаївська,Органічні добрива,Кілограм,Одиниці,0.3,1.3,1.6,3.3,1.9,2.0,3.3,1.0,2.9,2.4
Миколаївська,Мінеральні добрива,Кілограм,Одиниці,87.9,92.8,96.3,96.3,94.6,96.8,94.8,88.2,91.2,94.0
Рівненська,Мінеральні добрива,Кілограм,Одиниці,93.7,92.6,93.6,97.0,96.4,96.1,98.3,97.4,95.6,97.1
Полтавська,Органічні добрива,Кілограм,Одиниці,6.2,6.2,6.1,8.4,7.3,5.9,5.5,4.8,4.3,4.0
Полтавська,Мінеральні добрива,Кілограм,Одиниці,93.3,95.4,95.5,94.7,95.5,95.9,97.7,94.0,92.3,94.2
Одеська,Органічні добрива,Кілограм,Одиниці,0.3,0.6,1.4,3.6,3.4,4.1,4.1,2.5,1.6,4.5
Тернопільська,Органічні добрива,Кілограм,Одиниці,2.6,2.4,1.5,2.2,1.6,2.7,2.9,2.3,3.8,6.1
Харківська,Органічні добрива,Кілограм,Одиниці,1.7,2.0,1.0,1.4,4.3,5.0,2.3,1.8,2.0,1.3
Рівненська,Органічні добрива,Кілограм,Одиниці,5.5,9.8,8.7,14.8,8.2,12.5,14.7,7.8,12.7,18.3
Тернопільська,Мінеральні добрива,Кілограм,Одиниці,94.1,97.4,97.6,90.4,99.1,97.6,95.6,95.1,88.2,95.3
Сумська,Мінеральні добрива,Кілограм,Одиниці,96.1,96.4,98.3,99.4,99.1,99.1,99.6,96.9,96.8,98.2
Харківська,Мінеральні добрива,Кілограм,Одиниці,92.5,95.0,96.3,95.7,97.6,95.9,94.6,81.2,89.2,90.0
Сумська,Органічні добрива,Кілограм,Одиниці,0.6,0.6,0.9,2.6,3.5,5.8,2.7,2.7,1.8,2.1
Хмельницька,Органічні добрива,Кілограм,Одиниці,6.2,6.8,3.2,3.3,2.6,3.6,4.4,7.9,2.9,8.3
Чернівецька,Органічні добрива,Кілограм,Одиниці,1.3,1.2,2.4,2.9,1.3,,1.9,5.1,4.3,9.2
Хмельницька,Мінеральні добрива,Кілограм,Одиниці,95.3,95.1,95.6,96.6,97.7,98.3,97.0,97.5,98.4,96.6
Черкаська,Органічні добрива,Кілограм,Одиниці,2.3,3.0,2.9,5.0,6.0,7.0,9.0,12.1,10.3,6.1
Херсонська,Мінеральні добрива,Кілограм,Одиниці,71.9,84.8,88.4,86.5,87.0,89.6,90.4,68.0,95.9,85.4
Чернівецька,Мінеральні добрива,Кілограм,Одиниці,90.7,96.0,95.6,83.6,95.1,94.9,93.8,94.8,94.0,90.2
Херсонська,Органічні добрива,Кілограм,Одиниці,0.4,0.5,1.0,4.5,2.3,3.0,11.6,,,
Черкаська,Мінеральні добрива,Кілограм,Одиниці,93.9,96.9,96.8,97.6,96.7,98.9,96.0,96.0,96.7,98.6
Дніпропетровська,Пестициди,Кілограм,Одиниці,,,,90.1,90.1,92.8,94.1,90.0,94.9,95.2
Донецька,Пестициди,Кілограм,Одиниці,,,,90.0,93.3,89.9,92.8,64.4,88.3,81.0
Волинська,Пестициди,Кілограм,Одиниці,,,,96.6,93.7,96.9,98.1,97.4,98.4,96.9
Вінницька,Пестициди,Кілограм,Одиниці,,,,95.0,93.1,94.7,90.8,95.1,95.6,97.9
Україна,Пестициди,Кілограм,Одиниці,,,,91.9,91.7,93.2,92.9,88.8,93.1,93.7
Чернігівська,Мінеральні добрива,Кілограм,Одиниці,91.1,95.2,96.4,96.5,97.1,97.8,97.9,94.5,97.7,97.9
Чернігівська,Органічні добрива,Кілограм,Одиниці,1.4,2.0,1.0,1.9,1.5,2.7,1.8,1.1,1.4,1.4
Запорізька,Пестициди,Кілограм,Одиниці,,,,93.4,94.0,95.2,95.6,86.8,95.0,95.7
Луганська,Пестициди,Кілограм,Одиниці,,,,93.7,94.5,94.8,97.2,75.6,,
Кіровоградська,Пестициди,Кілограм,Одиниці,,,,92.9,93.9,93.9,91.7,90.5,94.2,95.0
Закарпатська,Пестициди,Кілограм,Одиниці,,,,78.6,87.2,91.8,96.1,77.0,99.3,93.2
Житомирська,Пестициди,Кілограм,Одиниці,,,,87.8,87.4,86.0,90.3,83.1,90.1,88.0
Київська,Пестициди,Кілограм,Одиниці,,,,94.8,92.9,93.6,95.1,93.2,94.0,94.1
Львівська,Пестициди,Кілограм,Одиниці,,,,96.6,95.8,96.5,95.5,97.7,98.3,94.7
Івано-Франківська,Пестициди,Кілограм,Одиниці,,,,97.7,97.0,96.3,96.3,97.8,99.5,100.0
Миколаївська,Пестициди,Кілограм,Одиниці,,,,91.3,88.2,92.6,88.2,86.1,89.8,92.5
Тернопільська,Пестициди,Кілограм,Одиниці,,,,92.7,96.2,88.7,93.9,94.9,87.5,95.0
Полтавська,Пестициди,Кілограм,Одиниці,,,,91.5,91.4,93.7,95.4,93.0,93.8,94.2
Рівненська,Пестициди,Кілограм,Одиниці,,,,93.6,93.8,95.5,96.8,96.6,97.1,95.9
Харківська,Пестициди,Кілограм,Одиниці,,,,95.2,93.9,93.3,91.2,78.8,90.9,90.9
Сумська,Пестициди,Кілограм,Одиниці,,,,96.9,95.9,96.5,97.0,94.3,98.0,97.6
Одеська,Пестициди,Кілограм,Одиниці,,,,88.1,85.1,93.7,89.3,85.3,85.8,89.5
Черкаська,Пестициди,Кілограм,Одиниці,,,,93.5,94.8,96.3,95.3,94.6,97.4,96.9
Херсонська,Пестициди,Кілограм,Одиниці,,,,79.7,83.5,87.4,89.1,41.5,95.2,81.2
Чернігівська,Пестициди,Кілограм,Одиниці,,,,91.3,92.5,94.1,95.0,90.9,96.0,95.7
Чернівецька,Пестициди,Кілограм,Одиниці,,,,91.0,90.8,93.1,91.3,94.3,96.1,95.7
Хмельницька,Пестициди,Кілограм,Одиниці,,,,97.0,94.7,95.9,95.2,96.2,98.0,98.8
